decision_cliente,accion_requerida,codigo_vendedor,compras,primera_fecha,ultima_fecha,total_compras,muestras_n_compra,usuario_actual_aprobado,comentario_cliente
"",MAPEAR_CODIGO_VENDEDOR_A_USUARIO_O_DEJAR_LEGACY,1092,23227,2017-05-02 12:50:08,2026-10-27 13:33:17,20377966985,20170502050258 | 20170616041139 | 20171119105630 | 20171121032129 | 20171123065448 | 20180313110706 | 20180405093939 | 20180608100707,"",""
"",MAPEAR_CODIGO_VENDEDOR_A_USUARIO_O_DEJAR_LEGACY,1058,5982,2019-05-27 12:55:40,2026-12-22 14:21:30,11025220369,20190527125540 | 20190731041708 | 20190813045343 | 20190813062507 | 20190820115420 | 20190820031837 | 20190820054231 | 20190821104547,"",""
"",MAPEAR_CODIGO_VENDEDOR_A_USUARIO_O_DEJAR_LEGACY,1010,3915,2016-12-12 11:26:17,2018-08-21 20:13:24,1717184374,20161212112617 | 20161212121534 | 20161212024422 | 20161212030004 | 20161212040103 | 20161212040555 | 20161212053417 | 20161212080329,"",""
"",MAPEAR_CODIGO_VENDEDOR_A_USUARIO_O_DEJAR_LEGACY,1004,1338,2016-12-12 16:59:20,2018-08-16 17:22:06,420440280,20161212045920 | 20161212074450 | 20161213095658 | 20161213102546 | 20161213113102 | 20161213025638 | 20161213040933 | 20161213055537,"",""
"",MAPEAR_CODIGO_VENDEDOR_A_USUARIO_O_DEJAR_LEGACY,1083,1338,2018-06-21 13:30:39,2019-07-03 16:49:02,595308288,20180621013039 | 20180718064444 | 20181025014344 | 20181029062309 | 20181108061431 | 20181109123525 | 20181114010113 | 20181115120830,"",""
"",MAPEAR_CODIGO_VENDEDOR_A_USUARIO_O_DEJAR_LEGACY,0,1219,2016-12-12 14:40:20,2026-05-14 08:42:24.474,78528985,20161212024019 | 20161212031549 | 20161213113828 | 20161214072229 | 20161214073506 | 20161215121143 | 20161215121146 | 20161215121147,"",""
"",MAPEAR_CODIGO_VENDEDOR_A_USUARIO_O_DEJAR_LEGACY,1075,544,2018-04-11 14:40:21,2018-11-19 11:49:25,323598386,20180411024021 | 20180801015355 | 20180813072223 | 20180814022853 | 20180814032415 | 20180814042415 | 20180816105828 | 20180816122838,"",""
"",MAPEAR_CODIGO_VENDEDOR_A_USUARIO_O_DEJAR_LEGACY,1199,372,2025-07-24 13:44:49,2026-04-27 11:57:41,250719260,20250724014449 | 20250804030656 | 20250806112945 | 20250807112613 | 20250811103108 | 20250811121543 | 20250904023340 | 20250904033518,"",""
"",MAPEAR_CODIGO_VENDEDOR_A_USUARIO_O_DEJAR_LEGACY,1008,329,2016-12-12 16:05:00,2018-02-01 16:14:21,109457181,20161212040500 | 20161213063349 | 20161213071630 | 20161215070050 | 20161219094409 | 20161219125022 | 20161220122830 | 20161221035835,"",""
"",MAPEAR_CODIGO_VENDEDOR_A_USUARIO_O_DEJAR_LEGACY,1211,284,2018-12-05 16:24:55,2026-05-14 08:42:24.474,262388128,20181204103815 | 20251110052409 | 20251118041724 | 20251120042601 | 20251202085057 | 20251202090452 | 20251202093115 | 20251202094126,"",""
"",MAPEAR_CODIGO_VENDEDOR_A_USUARIO_O_DEJAR_LEGACY,1136,232,2022-10-05 13:11:22,2023-01-11 22:28:09,158708831,20221005011122 | 20221005050943 | 20221011055318 | 20221012021213 | 20221012034732 | 20221013024529 | 20221014093643 | 20221014111824,"",""
"",MAPEAR_CODIGO_VENDEDOR_A_USUARIO_O_DEJAR_LEGACY,1037,213,2017-08-31 15:51:54,2018-02-02 15:11:16,148511915,20170831035154 | 20170831042621 | 20170831042639 | 20170831042716 | 20170831042735 | 20170831042819 | 20170927020326 | 20170927020513,"",""
"",MAPEAR_CODIGO_VENDEDOR_A_USUARIO_O_DEJAR_LEGACY,1155,160,2023-11-02 08:21:48,2024-01-24 17:28:46,89235274,20231102082148 | 20231102114748 | 20231102014336 | 20231102022831 | 20231102033849 | 20231102045602 | 20231122094639 | 20231124010518,"",""
"",MAPEAR_CODIGO_VENDEDOR_A_USUARIO_O_DEJAR_LEGACY,1011,157,2017-01-13 13:41:10,2018-09-28 16:27:23,43276439,20170113014110 | 20170208042709 | 20170213011603 | 20170213022335 | 20170213023825 | 20170217120820 | 20170502050908 | 20170511110246,"",""
"",MAPEAR_CODIGO_VENDEDOR_A_USUARIO_O_DEJAR_LEGACY,1006,103,2017-07-26 16:28:11,2026-04-23 12:59:11,50742481,20170726042811 | 20170726052811 | 20170726053944 | 20170928035838 | 20180226110605 | 20180523014259 | 20180606071959 | 20180712072627,"",""
"",MAPEAR_CODIGO_VENDEDOR_A_USUARIO_O_DEJAR_LEGACY,(VACIO),79,2022-04-12 16:37:14,2024-09-30 14:25:40,50442053,20220412043714 | 20220412044641 | 20220412045058 | 20220412045349 | 20220818102800 | 20230225100210 | 20230303100254 | 20230306121825,"",""
"",MAPEAR_CODIGO_VENDEDOR_A_USUARIO_O_DEJAR_LEGACY,1171,67,2024-09-02 11:24:56,2024-10-14 14:56:39,24511817,20240902112455 | 20240902112902 | 20240902012309 | 20240902051537 | 20240903114633 | 20240904104624 | 20240904112246 | 20240905100210,"",""
"",MAPEAR_CODIGO_VENDEDOR_A_USUARIO_O_DEJAR_LEGACY,1089,63,2019-04-18 16:55:30,2019-06-11 11:08:53,35737350,20190418045530 | 20190423020956 | 20190424111133 | 20190426011939 | 20190426022931 | 20190429051314 | 20190502105924 | 20190506053720,"",""
"",MAPEAR_CODIGO_VENDEDOR_A_USUARIO_O_DEJAR_LEGACY,1212,53,2025-11-14 15:31:35,2026-05-14 08:42:24.472,36231923,20251114033135 | 20251114035022 | 20251119120748 | 20251119123249 | 20251119124830 | 20251119010954 | 20251119014123 | 20251120093727,"",""
"",MAPEAR_CODIGO_VENDEDOR_A_USUARIO_O_DEJAR_LEGACY,1085,43,2019-03-13 14:24:20,2025-04-08 15:22:59,47053848,20190313022420 | 20190314114519 | 20190314115638 | 20190314121508 | 20190314121801 | 20190314122119 | 20190314020844 | 20190314035120,"",""
"",MAPEAR_CODIGO_VENDEDOR_A_USUARIO_O_DEJAR_LEGACY,1002,34,2016-12-15 19:30:44,2018-04-26 12:23:18,7187265,20161215073044 | 20161228013558 | 20170111055732 | 20170112065606 | 20170127123224 | 20170202042507 | 20170327110224 | 20170426020412,"",""
"",MAPEAR_CODIGO_VENDEDOR_A_USUARIO_O_DEJAR_LEGACY,1009,34,2016-12-14 07:45:54,2018-02-05 15:23:26,16564132,20161214074554 | 20161214074925 | 20161214095532 | 20170317055723 | 20170322031952 | 20170322054457 | 20170413042304 | 20170418094626,"",""
"",MAPEAR_CODIGO_VENDEDOR_A_USUARIO_O_DEJAR_LEGACY,1076,32,2018-08-22 15:34:18,2018-11-15 14:20:21,5548958,20180822033418 | 20181011035407 | 20181011061508 | 20181012111214 | 20181012121606 | 20181012012828 | 20181016114930 | 20181016120056,"",""
"",MAPEAR_CODIGO_VENDEDOR_A_USUARIO_O_DEJAR_LEGACY,1069,25,2018-10-25 17:06:16,2018-11-28 12:48:47,9485889,20181025050616 | 20181030120703 | 20181031064811 | 20181121063738 | 20181121073110 | 20181121074022 | 20181121084137 | 20181121084920,"",""
"",MAPEAR_CODIGO_VENDEDOR_A_USUARIO_O_DEJAR_LEGACY,1036,24,2017-08-12 19:12:09,2017-09-14 14:57:02,4249518,20170812071209 | 20170812072403 | 20170813095356 | 20170813125756 | 20170813030155 | 20170813065326 | 20170813103851 | 20170813104441,"",""
"",MAPEAR_CODIGO_VENDEDOR_A_USUARIO_O_DEJAR_LEGACY,1203,22,2025-10-06 16:22:43,2025-10-29 12:42:07,25603345,20251006042243 | 20251009114641 | 20251014115138 | 20251014011731 | 20251014014231 | 20251014042555 | 20251015084251 | 20251015021223,"",""
"",MAPEAR_CODIGO_VENDEDOR_A_USUARIO_O_DEJAR_LEGACY,1124,20,2022-07-22 22:20:37,2024-06-26 08:48:29,2179959,20220722102036 | 20220808112206 | 20220817094505 | 20220830014556 | 20221210113949 | 20230225094835 | 20230417055437 | 20230731093453,"",""
"",MAPEAR_CODIGO_VENDEDOR_A_USUARIO_O_DEJAR_LEGACY,1095,15,2019-09-06 12:48:20,2019-10-17 18:58:57,6768603,20190906124820 | 20190912013459 | 20190912065658 | 20190912073800 | 20190912081446 | 20190923034247 | 20190930024622 | 20190930034504,"",""
"",MAPEAR_CODIGO_VENDEDOR_A_USUARIO_O_DEJAR_LEGACY,1099,14,2019-11-08 15:27:40,2019-12-03 21:18:47,21839845,20191108032740 | 20191112081132 | 20191112115216 | 20191113043430 | 20191114012121 | 20191115013016 | 20191115072958 | 20191115093251,"",""
"",MAPEAR_CODIGO_VENDEDOR_A_USUARIO_O_DEJAR_LEGACY,1019,10,2017-02-24 11:14:21,2017-04-27 17:04:42,8208800,20170224111421 | 20170322101409 | 20170331093338 | 20170411120154 | 20170412124737 | 20170421094805 | 20170421035532 | 20170424093140,"",""
"",MAPEAR_CODIGO_VENDEDOR_A_USUARIO_O_DEJAR_LEGACY,1096,8,2019-08-01 14:49:24,2019-08-15 19:25:09,8024553,20190801024924 | 20190801055355 | 20190801064157 | 20190802112408 | 20190802011134 | 20190805055725 | 20190809061758 | 20190815072509,"",""
"",MAPEAR_CODIGO_VENDEDOR_A_USUARIO_O_DEJAR_LEGACY,1213,8,2025-11-27 15:22:39,2026-02-16 15:47:54,373304,20251127032239 | 20251128085112 | 20251128113947 | 20251128035702 | 20251204085554 | 20251205035619 | 20251217105822 | 20260216034754,"",""
"",MAPEAR_CODIGO_VENDEDOR_A_USUARIO_O_DEJAR_LEGACY,1050,7,2018-01-04 21:31:12,2018-01-05 18:42:46,0,20180104093112 | 20180104093348 | 20180104094457 | 20180105095849 | 20180105013427 | 20180105032818 | 20180105064246,"",""
"",MAPEAR_CODIGO_VENDEDOR_A_USUARIO_O_DEJAR_LEGACY,1074,7,2018-08-20 13:05:02,2018-09-05 16:29:23,2892311,20180820010502 | 20180820010557 | 20180821033015 | 20180821033037 | 20180821034046 | 20180824102839 | 20180905042923,"",""
"",MAPEAR_CODIGO_VENDEDOR_A_USUARIO_O_DEJAR_LEGACY,1168,6,2024-11-03 00:27:18,2025-04-22 08:32:42,0,20241103122718 | 20250403104431 | 20250411102403 | 20250411103636 | 20250421095353 | 20250422083103,"",""
"",MAPEAR_CODIGO_VENDEDOR_A_USUARIO_O_DEJAR_LEGACY,1045,5,2017-11-16 16:20:59,2017-11-16 18:58:42,0,20171116042059 | 20171116043820 | 20171116044259 | 20171116053222 | 20171116065842,"",""
"",MAPEAR_CODIGO_VENDEDOR_A_USUARIO_O_DEJAR_LEGACY,1106,5,2020-11-23 13:57:57,2020-12-17 14:13:44,2472357,20201123015757 | 20201207045531 | 20201210110515 | 20201210110755 | 20201217021344,"",""
"",MAPEAR_CODIGO_VENDEDOR_A_USUARIO_O_DEJAR_LEGACY,1054,4,2018-03-01 11:05:22,2018-03-05 15:26:40,44766,20180301110522 | 20180305032210 | 20180305032540 | 20180305032640,"",""
"",MAPEAR_CODIGO_VENDEDOR_A_USUARIO_O_DEJAR_LEGACY,1038,3,2017-09-20 17:50:24,2017-09-21 08:54:46,3287407,20170920055024 | 20170920063730 | 20170921085446,"",""
"",MAPEAR_CODIGO_VENDEDOR_A_USUARIO_O_DEJAR_LEGACY,1000,2,2019-07-02 12:40:17,2019-07-10 13:16:06,578823,20190702124017 | 20190710011606,"",""
"",MAPEAR_CODIGO_VENDEDOR_A_USUARIO_O_DEJAR_LEGACY,1018,2,2017-09-14 14:40:08,2018-01-17 14:28:20,0,20170914024007 | 20180117022819,"",""
"",MAPEAR_CODIGO_VENDEDOR_A_USUARIO_O_DEJAR_LEGACY,1026,2,2017-06-01 15:27:39,2017-06-01 15:49:22,2422242,20170601032739 | 20170601034922,"",""
"",MAPEAR_CODIGO_VENDEDOR_A_USUARIO_O_DEJAR_LEGACY,1027,2,2017-08-31 16:33:14,2017-10-17 08:32:54,6504,20170831043314 | 20171017083254,"",""
"",MAPEAR_CODIGO_VENDEDOR_A_USUARIO_O_DEJAR_LEGACY,1063,2,2018-04-10 13:52:20,2018-04-10 13:52:35,0,20180410015220 | 20180410015235,"",""
"",MAPEAR_CODIGO_VENDEDOR_A_USUARIO_O_DEJAR_LEGACY,1013,1,2016-12-26 18:25:33,2016-12-26 18:25:33,38891,20161226062533,"",""
"",MAPEAR_CODIGO_VENDEDOR_A_USUARIO_O_DEJAR_LEGACY,1017,1,2017-02-17 11:59:55,2017-02-17 11:59:55,0,20170217115955,"",""
"",MAPEAR_CODIGO_VENDEDOR_A_USUARIO_O_DEJAR_LEGACY,1080,1,2019-01-01 14:29:22,2019-01-01 14:29:22,0,20190101022922,"",""
"",MAPEAR_CODIGO_VENDEDOR_A_USUARIO_O_DEJAR_LEGACY,1098,1,2022-05-20 13:41:22,2022-05-20 13:41:22,129595,20220520014122,"",""
"",MAPEAR_CODIGO_VENDEDOR_A_USUARIO_O_DEJAR_LEGACY,1114,1,2021-08-16 20:26:04,2021-08-16 20:26:04,234437,20210816082604,"",""
"",MAPEAR_CODIGO_VENDEDOR_A_USUARIO_O_DEJAR_LEGACY,1149,1,2023-04-17 11:05:43,2023-04-17 11:05:43,1103075,20230417110543,"",""
"",MAPEAR_CODIGO_VENDEDOR_A_USUARIO_O_DEJAR_LEGACY,1153,1,2023-09-01 09:28:00,2023-09-01 09:28:00,93989,20230901092800,"",""
"",MAPEAR_CODIGO_VENDEDOR_A_USUARIO_O_DEJAR_LEGACY,1176,1,2025-12-03 11:59:25,2025-12-03 11:59:25,193676,20251203115925,"",""
"",MAPEAR_CODIGO_VENDEDOR_A_USUARIO_O_DEJAR_LEGACY,1189,1,2025-04-24 11:35:43,2025-04-24 11:35:43,0,20250424110722,"",""
