decision_cliente,accion_requerida,legacy_id,codigo_interno,stock,fecha,usuario,comentario_cliente
,CONFIRMAR_SI_ES_LECTURA_STOCK_O_MOVIMIENTO,1,NCD06010,0,2025-08-21 12:52:20,Gerardo Mercier,
,CONFIRMAR_SI_ES_LECTURA_STOCK_O_MOVIMIENTO,2,R62011,0,2025-08-21 12:52:20,Gerardo Mercier,
,CONFIRMAR_SI_ES_LECTURA_STOCK_O_MOVIMIENTO,3,S101073,0,2025-08-21 12:52:20,Gerardo Mercier,
,CONFIRMAR_SI_ES_LECTURA_STOCK_O_MOVIMIENTO,4,S601001,0,2025-08-21 12:52:20,Gerardo Mercier,
,CONFIRMAR_SI_ES_LECTURA_STOCK_O_MOVIMIENTO,5,T201097,0,2025-08-21 12:52:20,Gerardo Mercier,
,CONFIRMAR_SI_ES_LECTURA_STOCK_O_MOVIMIENTO,6,211,0,2025-08-21 12:52:20,Gerardo Mercier,
,CONFIRMAR_SI_ES_LECTURA_STOCK_O_MOVIMIENTO,7,C609007,0,2025-08-21 12:52:20,Gerardo Mercier,
,CONFIRMAR_SI_ES_LECTURA_STOCK_O_MOVIMIENTO,8,C609008,0,2025-08-21 12:52:20,Gerardo Mercier,
,CONFIRMAR_SI_ES_LECTURA_STOCK_O_MOVIMIENTO,9,D101014-2,0,2025-08-21 12:52:20,Gerardo Mercier,
,CONFIRMAR_SI_ES_LECTURA_STOCK_O_MOVIMIENTO,10,D103001,0,2025-08-21 12:52:20,Gerardo Mercier,
,CONFIRMAR_SI_ES_LECTURA_STOCK_O_MOVIMIENTO,11,D207010,0,2025-08-21 12:52:20,Gerardo Mercier,
,CONFIRMAR_SI_ES_LECTURA_STOCK_O_MOVIMIENTO,12,D207012,0,2025-08-21 12:52:20,Gerardo Mercier,
,CONFIRMAR_SI_ES_LECTURA_STOCK_O_MOVIMIENTO,13,D207021,0,2025-08-21 12:52:20,Gerardo Mercier,
,CONFIRMAR_SI_ES_LECTURA_STOCK_O_MOVIMIENTO,14,D207060,0,2025-08-21 12:52:20,Gerardo Mercier,
,CONFIRMAR_SI_ES_LECTURA_STOCK_O_MOVIMIENTO,15,D209016,0,2025-08-21 12:52:20,Gerardo Mercier,
,CONFIRMAR_SI_ES_LECTURA_STOCK_O_MOVIMIENTO,16,D230010,0,2025-08-21 12:52:20,Gerardo Mercier,
,CONFIRMAR_SI_ES_LECTURA_STOCK_O_MOVIMIENTO,17,D230025,0,2025-08-21 12:52:20,Gerardo Mercier,
,CONFIRMAR_SI_ES_LECTURA_STOCK_O_MOVIMIENTO,18,D230042,0,2025-08-21 12:52:20,Gerardo Mercier,
,CONFIRMAR_SI_ES_LECTURA_STOCK_O_MOVIMIENTO,19,D301028,0,2025-08-21 12:52:20,Gerardo Mercier,
,CONFIRMAR_SI_ES_LECTURA_STOCK_O_MOVIMIENTO,20,D301031,0,2025-08-21 12:52:20,Gerardo Mercier,
,CONFIRMAR_SI_ES_LECTURA_STOCK_O_MOVIMIENTO,21,D302009,0,2025-08-21 12:52:20,Gerardo Mercier,
,CONFIRMAR_SI_ES_LECTURA_STOCK_O_MOVIMIENTO,22,D302036,0,2025-08-21 12:52:20,Gerardo Mercier,
,CONFIRMAR_SI_ES_LECTURA_STOCK_O_MOVIMIENTO,23,D302051,0,2025-08-21 12:52:20,Gerardo Mercier,
,CONFIRMAR_SI_ES_LECTURA_STOCK_O_MOVIMIENTO,24,D302052,0,2025-08-21 12:52:20,Gerardo Mercier,
,CONFIRMAR_SI_ES_LECTURA_STOCK_O_MOVIMIENTO,25,D306026,0,2025-08-21 12:52:20,Gerardo Mercier,
,CONFIRMAR_SI_ES_LECTURA_STOCK_O_MOVIMIENTO,26,D450017,0,2025-08-21 12:52:20,Gerardo Mercier,
,CONFIRMAR_SI_ES_LECTURA_STOCK_O_MOVIMIENTO,27,D501010,0,2025-08-21 12:52:20,Gerardo Mercier,
,CONFIRMAR_SI_ES_LECTURA_STOCK_O_MOVIMIENTO,28,D701016,0,2025-08-21 12:52:20,Gerardo Mercier,
,CONFIRMAR_SI_ES_LECTURA_STOCK_O_MOVIMIENTO,29,D701017,0,2025-08-21 12:52:20,Gerardo Mercier,
,CONFIRMAR_SI_ES_LECTURA_STOCK_O_MOVIMIENTO,30,D701043,0,2025-08-21 12:52:20,Gerardo Mercier,
,CONFIRMAR_SI_ES_LECTURA_STOCK_O_MOVIMIENTO,31,D705042,0,2025-08-21 12:52:20,Gerardo Mercier,
,CONFIRMAR_SI_ES_LECTURA_STOCK_O_MOVIMIENTO,32,D707020,0,2025-08-21 12:52:20,Gerardo Mercier,
,CONFIRMAR_SI_ES_LECTURA_STOCK_O_MOVIMIENTO,33,D807042,0,2025-08-21 12:52:20,Gerardo Mercier,
,CONFIRMAR_SI_ES_LECTURA_STOCK_O_MOVIMIENTO,34,D811001,0,2025-08-21 12:52:20,Gerardo Mercier,
,CONFIRMAR_SI_ES_LECTURA_STOCK_O_MOVIMIENTO,35,D901017,0,2025-08-21 12:52:20,Gerardo Mercier,
,CONFIRMAR_SI_ES_LECTURA_STOCK_O_MOVIMIENTO,36,D905010,0,2025-08-21 12:52:20,Gerardo Mercier,
,CONFIRMAR_SI_ES_LECTURA_STOCK_O_MOVIMIENTO,37,DBWHP2030S,0,2025-08-21 12:52:20,Gerardo Mercier,
,CONFIRMAR_SI_ES_LECTURA_STOCK_O_MOVIMIENTO,38,F1079F,0,2025-08-21 12:52:20,Gerardo Mercier,
,CONFIRMAR_SI_ES_LECTURA_STOCK_O_MOVIMIENTO,39,F1279,0,2025-08-21 12:52:20,Gerardo Mercier,
,CONFIRMAR_SI_ES_LECTURA_STOCK_O_MOVIMIENTO,40,JUEGSET-06,0,2025-08-21 12:52:20,Gerardo Mercier,
,CONFIRMAR_SI_ES_LECTURA_STOCK_O_MOVIMIENTO,41,JUEGSET-16,0,2025-08-21 12:52:20,Gerardo Mercier,
,CONFIRMAR_SI_ES_LECTURA_STOCK_O_MOVIMIENTO,42,JUEGSET-18,0,2025-08-21 12:52:20,Gerardo Mercier,
,CONFIRMAR_SI_ES_LECTURA_STOCK_O_MOVIMIENTO,43,JUEGSET-71,0,2025-08-21 12:52:20,Gerardo Mercier,
,CONFIRMAR_SI_ES_LECTURA_STOCK_O_MOVIMIENTO,44,ME12531,0,2025-08-21 12:52:20,Gerardo Mercier,
,CONFIRMAR_SI_ES_LECTURA_STOCK_O_MOVIMIENTO,45,MK11145,0,2025-08-21 12:52:20,Gerardo Mercier,
,CONFIRMAR_SI_ES_LECTURA_STOCK_O_MOVIMIENTO,46,MMQ001,0,2025-08-21 12:52:20,Gerardo Mercier,
,CONFIRMAR_SI_ES_LECTURA_STOCK_O_MOVIMIENTO,47,PT-EV00523,0,2025-08-21 12:52:20,Gerardo Mercier,
,CONFIRMAR_SI_ES_LECTURA_STOCK_O_MOVIMIENTO,48,PT-EV00605,0,2025-08-21 12:52:20,Gerardo Mercier,
,CONFIRMAR_SI_ES_LECTURA_STOCK_O_MOVIMIENTO,49,PT-EV00824,0,2025-08-21 12:52:20,Gerardo Mercier,
,CONFIRMAR_SI_ES_LECTURA_STOCK_O_MOVIMIENTO,50,R62010,0,2025-08-21 12:52:20,Gerardo Mercier,
,CONFIRMAR_SI_ES_LECTURA_STOCK_O_MOVIMIENTO,51,R62301,0,2025-08-21 12:52:20,Gerardo Mercier,
,CONFIRMAR_SI_ES_LECTURA_STOCK_O_MOVIMIENTO,52,S601003,0,2025-08-21 12:52:20,Gerardo Mercier,
,CONFIRMAR_SI_ES_LECTURA_STOCK_O_MOVIMIENTO,53,SG091,0,2025-08-21 12:52:20,Gerardo Mercier,
,CONFIRMAR_SI_ES_LECTURA_STOCK_O_MOVIMIENTO,54,T101003,0,2025-08-21 12:52:20,Gerardo Mercier,
,CONFIRMAR_SI_ES_LECTURA_STOCK_O_MOVIMIENTO,55,T201034,0,2025-08-21 12:52:20,Gerardo Mercier,
,CONFIRMAR_SI_ES_LECTURA_STOCK_O_MOVIMIENTO,56,T501023,0,2025-08-21 12:52:20,Gerardo Mercier,
,CONFIRMAR_SI_ES_LECTURA_STOCK_O_MOVIMIENTO,57,T601003,0,2025-08-21 12:52:20,Gerardo Mercier,
,CONFIRMAR_SI_ES_LECTURA_STOCK_O_MOVIMIENTO,58,T701002,0,2025-08-21 12:52:20,Gerardo Mercier,
,CONFIRMAR_SI_ES_LECTURA_STOCK_O_MOVIMIENTO,59,1004,0,2025-08-21 12:52:20,Gerardo Mercier,
,CONFIRMAR_SI_ES_LECTURA_STOCK_O_MOVIMIENTO,60,4234,0,2025-08-21 12:52:20,Gerardo Mercier,
,CONFIRMAR_SI_ES_LECTURA_STOCK_O_MOVIMIENTO,61,4340,0,2025-08-21 12:52:20,Gerardo Mercier,
,CONFIRMAR_SI_ES_LECTURA_STOCK_O_MOVIMIENTO,62,A510016,0,2025-08-21 12:52:20,Gerardo Mercier,
,CONFIRMAR_SI_ES_LECTURA_STOCK_O_MOVIMIENTO,63,A5826,0,2025-08-21 12:52:20,Gerardo Mercier,
,CONFIRMAR_SI_ES_LECTURA_STOCK_O_MOVIMIENTO,64,B0639,0,2025-08-21 12:52:20,Gerardo Mercier,
,CONFIRMAR_SI_ES_LECTURA_STOCK_O_MOVIMIENTO,65,BB606,0,2025-08-21 12:52:20,Gerardo Mercier,
,CONFIRMAR_SI_ES_LECTURA_STOCK_O_MOVIMIENTO,66,C108016-1,0,2025-08-21 12:52:20,Gerardo Mercier,
,CONFIRMAR_SI_ES_LECTURA_STOCK_O_MOVIMIENTO,67,C304001,0,2025-08-21 12:52:20,Gerardo Mercier,
,CONFIRMAR_SI_ES_LECTURA_STOCK_O_MOVIMIENTO,68,C309006,0,2025-08-21 12:52:20,Gerardo Mercier,
,CONFIRMAR_SI_ES_LECTURA_STOCK_O_MOVIMIENTO,69,C502003,0,2025-08-21 12:52:20,Gerardo Mercier,
,CONFIRMAR_SI_ES_LECTURA_STOCK_O_MOVIMIENTO,70,D101003-3,0,2025-08-21 12:52:20,Gerardo Mercier,
,CONFIRMAR_SI_ES_LECTURA_STOCK_O_MOVIMIENTO,71,D101024,0,2025-08-21 12:52:20,Gerardo Mercier,
,CONFIRMAR_SI_ES_LECTURA_STOCK_O_MOVIMIENTO,72,D103005-1,0,2025-08-21 12:52:20,Gerardo Mercier,
,CONFIRMAR_SI_ES_LECTURA_STOCK_O_MOVIMIENTO,73,D201049,0,2025-08-21 12:52:20,Gerardo Mercier,
,CONFIRMAR_SI_ES_LECTURA_STOCK_O_MOVIMIENTO,74,D203018-1,0,2025-08-21 12:52:20,Gerardo Mercier,
,CONFIRMAR_SI_ES_LECTURA_STOCK_O_MOVIMIENTO,75,D207037,0,2025-08-21 12:52:20,Gerardo Mercier,
,CONFIRMAR_SI_ES_LECTURA_STOCK_O_MOVIMIENTO,76,D207078,0,2025-08-21 12:52:20,Gerardo Mercier,
,CONFIRMAR_SI_ES_LECTURA_STOCK_O_MOVIMIENTO,77,D207083,0,2025-08-21 12:52:20,Gerardo Mercier,
,CONFIRMAR_SI_ES_LECTURA_STOCK_O_MOVIMIENTO,78,D208002,0,2025-08-21 12:52:20,Gerardo Mercier,
,CONFIRMAR_SI_ES_LECTURA_STOCK_O_MOVIMIENTO,79,D209005,0,2025-08-21 12:52:20,Gerardo Mercier,
,CONFIRMAR_SI_ES_LECTURA_STOCK_O_MOVIMIENTO,80,D230006,0,2025-08-21 12:52:20,Gerardo Mercier,
,CONFIRMAR_SI_ES_LECTURA_STOCK_O_MOVIMIENTO,81,D230011,0,2025-08-21 12:52:20,Gerardo Mercier,
,CONFIRMAR_SI_ES_LECTURA_STOCK_O_MOVIMIENTO,82,D230022,0,2025-08-21 12:52:20,Gerardo Mercier,
,CONFIRMAR_SI_ES_LECTURA_STOCK_O_MOVIMIENTO,83,D301005,0,2025-08-21 12:52:20,Gerardo Mercier,
,CONFIRMAR_SI_ES_LECTURA_STOCK_O_MOVIMIENTO,84,D301030,0,2025-08-21 12:52:20,Gerardo Mercier,
,CONFIRMAR_SI_ES_LECTURA_STOCK_O_MOVIMIENTO,85,D302010,0,2025-08-21 12:52:20,Gerardo Mercier,
,CONFIRMAR_SI_ES_LECTURA_STOCK_O_MOVIMIENTO,86,D302011,0,2025-08-21 12:52:20,Gerardo Mercier,
,CONFIRMAR_SI_ES_LECTURA_STOCK_O_MOVIMIENTO,87,D302053,0,2025-08-21 12:52:20,Gerardo Mercier,
,CONFIRMAR_SI_ES_LECTURA_STOCK_O_MOVIMIENTO,88,D306036,0,2025-08-21 12:52:20,Gerardo Mercier,
,CONFIRMAR_SI_ES_LECTURA_STOCK_O_MOVIMIENTO,89,D450026,0,2025-08-21 12:52:20,Gerardo Mercier,
,CONFIRMAR_SI_ES_LECTURA_STOCK_O_MOVIMIENTO,90,D503008,0,2025-08-21 12:52:20,Gerardo Mercier,
,CONFIRMAR_SI_ES_LECTURA_STOCK_O_MOVIMIENTO,91,D503021,0,2025-08-21 12:52:20,Gerardo Mercier,
,CONFIRMAR_SI_ES_LECTURA_STOCK_O_MOVIMIENTO,92,D603007,0,2025-08-21 12:52:20,Gerardo Mercier,
,CONFIRMAR_SI_ES_LECTURA_STOCK_O_MOVIMIENTO,93,D701018,0,2025-08-21 12:52:20,Gerardo Mercier,
,CONFIRMAR_SI_ES_LECTURA_STOCK_O_MOVIMIENTO,94,D701031,0,2025-08-21 12:52:20,Gerardo Mercier,
,CONFIRMAR_SI_ES_LECTURA_STOCK_O_MOVIMIENTO,95,D701057,0,2025-08-21 12:52:20,Gerardo Mercier,
,CONFIRMAR_SI_ES_LECTURA_STOCK_O_MOVIMIENTO,96,D701060,0,2025-08-21 12:52:20,Gerardo Mercier,
,CONFIRMAR_SI_ES_LECTURA_STOCK_O_MOVIMIENTO,97,D705001,0,2025-08-21 12:52:20,Gerardo Mercier,
,CONFIRMAR_SI_ES_LECTURA_STOCK_O_MOVIMIENTO,98,D705008,0,2025-08-21 12:52:20,Gerardo Mercier,
,CONFIRMAR_SI_ES_LECTURA_STOCK_O_MOVIMIENTO,99,D705048,0,2025-08-21 12:52:20,Gerardo Mercier,
,CONFIRMAR_SI_ES_LECTURA_STOCK_O_MOVIMIENTO,100,D705088,0,2025-08-21 12:52:20,Gerardo Mercier,
,CONFIRMAR_SI_ES_LECTURA_STOCK_O_MOVIMIENTO,101,D707013-1,0,2025-08-21 12:52:20,Gerardo Mercier,
,CONFIRMAR_SI_ES_LECTURA_STOCK_O_MOVIMIENTO,102,D780001,0,2025-08-21 12:52:20,Gerardo Mercier,
,CONFIRMAR_SI_ES_LECTURA_STOCK_O_MOVIMIENTO,103,D801016,0,2025-08-21 12:52:20,Gerardo Mercier,
,CONFIRMAR_SI_ES_LECTURA_STOCK_O_MOVIMIENTO,104,D803012-13-14-15,0,2025-08-21 12:52:20,Gerardo Mercier,
,CONFIRMAR_SI_ES_LECTURA_STOCK_O_MOVIMIENTO,105,D803026,0,2025-08-21 12:52:20,Gerardo Mercier,
,CONFIRMAR_SI_ES_LECTURA_STOCK_O_MOVIMIENTO,106,D807019A,0,2025-08-21 12:52:20,Gerardo Mercier,
,CONFIRMAR_SI_ES_LECTURA_STOCK_O_MOVIMIENTO,107,D809002,0,2025-08-21 12:52:20,Gerardo Mercier,
,CONFIRMAR_SI_ES_LECTURA_STOCK_O_MOVIMIENTO,108,D901036,0,2025-08-21 12:52:20,Gerardo Mercier,
,CONFIRMAR_SI_ES_LECTURA_STOCK_O_MOVIMIENTO,109,JUEGPLAS1254,0,2025-08-21 12:52:20,Gerardo Mercier,
,CONFIRMAR_SI_ES_LECTURA_STOCK_O_MOVIMIENTO,110,JUEGSET-21,0,2025-08-21 12:52:20,Gerardo Mercier,
,CONFIRMAR_SI_ES_LECTURA_STOCK_O_MOVIMIENTO,111,JUEGSET-24,0,2025-08-21 12:52:20,Gerardo Mercier,
,CONFIRMAR_SI_ES_LECTURA_STOCK_O_MOVIMIENTO,112,JUEGSET-40,0,2025-08-21 12:52:20,Gerardo Mercier,
,CONFIRMAR_SI_ES_LECTURA_STOCK_O_MOVIMIENTO,113,JUEGSET-96,0,2025-08-21 12:52:20,Gerardo Mercier,
,CONFIRMAR_SI_ES_LECTURA_STOCK_O_MOVIMIENTO,114,ME06899,0,2025-08-21 12:52:20,Gerardo Mercier,
,CONFIRMAR_SI_ES_LECTURA_STOCK_O_MOVIMIENTO,115,MK01726,0,2025-08-21 12:52:20,Gerardo Mercier,
,CONFIRMAR_SI_ES_LECTURA_STOCK_O_MOVIMIENTO,116,MK08893,0,2025-08-21 12:52:20,Gerardo Mercier,
,CONFIRMAR_SI_ES_LECTURA_STOCK_O_MOVIMIENTO,117,NCD06001,0,2025-08-21 12:52:20,Gerardo Mercier,
,CONFIRMAR_SI_ES_LECTURA_STOCK_O_MOVIMIENTO,118,NCD06003,0,2025-08-21 12:52:20,Gerardo Mercier,
,CONFIRMAR_SI_ES_LECTURA_STOCK_O_MOVIMIENTO,119,NCD06007,0,2025-08-21 12:52:20,Gerardo Mercier,
,CONFIRMAR_SI_ES_LECTURA_STOCK_O_MOVIMIENTO,120,PT-EV00520B,0,2025-08-21 12:52:20,Gerardo Mercier,
,CONFIRMAR_SI_ES_LECTURA_STOCK_O_MOVIMIENTO,121,S501003,0,2025-08-21 12:52:20,Gerardo Mercier,
,CONFIRMAR_SI_ES_LECTURA_STOCK_O_MOVIMIENTO,122,SMX221,0,2025-08-21 12:52:20,Gerardo Mercier,
,CONFIRMAR_SI_ES_LECTURA_STOCK_O_MOVIMIENTO,123,T201109,0,2025-08-21 12:52:20,Gerardo Mercier,
,CONFIRMAR_SI_ES_LECTURA_STOCK_O_MOVIMIENTO,124,T401024,0,2025-08-21 12:52:20,Gerardo Mercier,
,CONFIRMAR_SI_ES_LECTURA_STOCK_O_MOVIMIENTO,125,T401052,0,2025-08-21 12:52:20,Gerardo Mercier,
,CONFIRMAR_SI_ES_LECTURA_STOCK_O_MOVIMIENTO,126,T401053,0,2025-08-21 12:52:20,Gerardo Mercier,
,CONFIRMAR_SI_ES_LECTURA_STOCK_O_MOVIMIENTO,127,T601005,0,2025-08-21 12:52:20,Gerardo Mercier,
,CONFIRMAR_SI_ES_LECTURA_STOCK_O_MOVIMIENTO,128,D306022,5,2025-08-21 12:52:57,Gerardo Mercier,
,CONFIRMAR_SI_ES_LECTURA_STOCK_O_MOVIMIENTO,129,PT-EV00609,6,2025-08-21 12:52:57,Gerardo Mercier,
,CONFIRMAR_SI_ES_LECTURA_STOCK_O_MOVIMIENTO,130,PT-EV00608,2,2025-08-21 12:52:57,Gerardo Mercier,
,CONFIRMAR_SI_ES_LECTURA_STOCK_O_MOVIMIENTO,131,AA-5360,4,2025-08-21 12:52:57,Gerardo Mercier,
,CONFIRMAR_SI_ES_LECTURA_STOCK_O_MOVIMIENTO,132,E0884,3,2025-08-21 12:52:57,Gerardo Mercier,
,CONFIRMAR_SI_ES_LECTURA_STOCK_O_MOVIMIENTO,133,D750006,5,2025-08-21 12:52:57,Gerardo Mercier,
,CONFIRMAR_SI_ES_LECTURA_STOCK_O_MOVIMIENTO,134,D750005,5,2025-08-21 12:52:57,Gerardo Mercier,
,CONFIRMAR_SI_ES_LECTURA_STOCK_O_MOVIMIENTO,135,D508002,3,2025-08-21 12:52:58,Gerardo Mercier,
,CONFIRMAR_SI_ES_LECTURA_STOCK_O_MOVIMIENTO,136,D230002,1,2025-08-21 12:52:58,Gerardo Mercier,
,CONFIRMAR_SI_ES_LECTURA_STOCK_O_MOVIMIENTO,137,d209006,2,2025-08-21 12:52:58,Gerardo Mercier,
,CONFIRMAR_SI_ES_LECTURA_STOCK_O_MOVIMIENTO,138,t201092,2,2025-08-21 12:52:58,Gerardo Mercier,
,CONFIRMAR_SI_ES_LECTURA_STOCK_O_MOVIMIENTO,139,a2120,1,2025-08-21 12:52:58,Gerardo Mercier,
,CONFIRMAR_SI_ES_LECTURA_STOCK_O_MOVIMIENTO,140,d306025,3,2025-08-21 12:52:58,Gerardo Mercier,
,CONFIRMAR_SI_ES_LECTURA_STOCK_O_MOVIMIENTO,141,d306027,2,2025-08-21 12:52:58,Gerardo Mercier,
,CONFIRMAR_SI_ES_LECTURA_STOCK_O_MOVIMIENTO,142,d750003,3,2025-08-21 12:52:58,Gerardo Mercier,
,CONFIRMAR_SI_ES_LECTURA_STOCK_O_MOVIMIENTO,143,310,2,2025-08-21 12:52:58,Gerardo Mercier,
,CONFIRMAR_SI_ES_LECTURA_STOCK_O_MOVIMIENTO,144,d750001,9,2025-08-21 12:52:58,Gerardo Mercier,
,CONFIRMAR_SI_ES_LECTURA_STOCK_O_MOVIMIENTO,145,pt-ev00552,2,2025-08-21 12:52:58,Gerardo Mercier,
,CONFIRMAR_SI_ES_LECTURA_STOCK_O_MOVIMIENTO,146,d230009,1,2025-08-21 12:52:58,Gerardo Mercier,
,CONFIRMAR_SI_ES_LECTURA_STOCK_O_MOVIMIENTO,147,e9383,1,2025-08-21 12:52:58,Gerardo Mercier,
,CONFIRMAR_SI_ES_LECTURA_STOCK_O_MOVIMIENTO,148,f6420,1,2025-08-21 12:52:58,Gerardo Mercier,
,CONFIRMAR_SI_ES_LECTURA_STOCK_O_MOVIMIENTO,149,aa-6560,1,2025-08-21 12:52:58,Gerardo Mercier,
,CONFIRMAR_SI_ES_LECTURA_STOCK_O_MOVIMIENTO,150,d230030,2,2025-08-21 12:52:58,Gerardo Mercier,
,CONFIRMAR_SI_ES_LECTURA_STOCK_O_MOVIMIENTO,151,c404005,1,2025-08-21 12:52:58,Gerardo Mercier,
,CONFIRMAR_SI_ES_LECTURA_STOCK_O_MOVIMIENTO,152,c705013,6,2025-08-21 12:52:58,Gerardo Mercier,
,CONFIRMAR_SI_ES_LECTURA_STOCK_O_MOVIMIENTO,153,d905008,2,2025-08-21 12:52:58,Gerardo Mercier,
,CONFIRMAR_SI_ES_LECTURA_STOCK_O_MOVIMIENTO,154,b5521,1,2025-08-21 12:52:58,Gerardo Mercier,
,CONFIRMAR_SI_ES_LECTURA_STOCK_O_MOVIMIENTO,155,f1259,2,2025-08-21 12:52:58,Gerardo Mercier,
,CONFIRMAR_SI_ES_LECTURA_STOCK_O_MOVIMIENTO,156,hasb-12204,2,2025-08-21 12:52:58,Gerardo Mercier,
,CONFIRMAR_SI_ES_LECTURA_STOCK_O_MOVIMIENTO,157,aa-5350,3,2025-08-21 12:52:58,Gerardo Mercier,
,CONFIRMAR_SI_ES_LECTURA_STOCK_O_MOVIMIENTO,158,d605002,1,2025-08-21 12:52:58,Gerardo Mercier,
,CONFIRMAR_SI_ES_LECTURA_STOCK_O_MOVIMIENTO,159,d811022,8,2025-08-21 12:52:58,Gerardo Mercier,
,CONFIRMAR_SI_ES_LECTURA_STOCK_O_MOVIMIENTO,160,d705049,2,2025-08-21 12:52:58,Gerardo Mercier,
,CONFIRMAR_SI_ES_LECTURA_STOCK_O_MOVIMIENTO,161,d705046,1,2025-08-21 12:52:58,Gerardo Mercier,
,CONFIRMAR_SI_ES_LECTURA_STOCK_O_MOVIMIENTO,162,d705047,1,2025-08-21 12:52:58,Gerardo Mercier,
,CONFIRMAR_SI_ES_LECTURA_STOCK_O_MOVIMIENTO,163,d705057,1,2025-08-21 12:52:58,Gerardo Mercier,
,CONFIRMAR_SI_ES_LECTURA_STOCK_O_MOVIMIENTO,164,d705058,1,2025-08-21 12:52:58,Gerardo Mercier,
,CONFIRMAR_SI_ES_LECTURA_STOCK_O_MOVIMIENTO,165,mk03164,1,2025-08-21 12:52:58,Gerardo Mercier,
,CONFIRMAR_SI_ES_LECTURA_STOCK_O_MOVIMIENTO,166,mk10032,1,2025-08-21 12:52:58,Gerardo Mercier,
,CONFIRMAR_SI_ES_LECTURA_STOCK_O_MOVIMIENTO,167,d201052,2,2025-08-21 12:52:58,Gerardo Mercier,
,CONFIRMAR_SI_ES_LECTURA_STOCK_O_MOVIMIENTO,168,d201028,1,2025-08-21 12:52:58,Gerardo Mercier,
,CONFIRMAR_SI_ES_LECTURA_STOCK_O_MOVIMIENTO,169,d603002,2,2025-08-21 12:52:58,Gerardo Mercier,
,CONFIRMAR_SI_ES_LECTURA_STOCK_O_MOVIMIENTO,170,d811017,1,2025-08-21 12:52:58,Gerardo Mercier,
,CONFIRMAR_SI_ES_LECTURA_STOCK_O_MOVIMIENTO,171,d203019,1,2025-08-21 12:52:58,Gerardo Mercier,
,CONFIRMAR_SI_ES_LECTURA_STOCK_O_MOVIMIENTO,172,d103002,4,2025-08-21 12:52:58,Gerardo Mercier,
,CONFIRMAR_SI_ES_LECTURA_STOCK_O_MOVIMIENTO,173,d707011,2,2025-08-21 12:52:58,Gerardo Mercier,
,CONFIRMAR_SI_ES_LECTURA_STOCK_O_MOVIMIENTO,174,d801008,2,2025-08-21 12:52:58,Gerardo Mercier,
,CONFIRMAR_SI_ES_LECTURA_STOCK_O_MOVIMIENTO,175,d801015,2,2025-08-21 12:52:58,Gerardo Mercier,
,CONFIRMAR_SI_ES_LECTURA_STOCK_O_MOVIMIENTO,176,d106001,1,2025-08-21 12:52:58,Gerardo Mercier,
,CONFIRMAR_SI_ES_LECTURA_STOCK_O_MOVIMIENTO,177,d201034,1,2025-08-21 12:52:58,Gerardo Mercier,
,CONFIRMAR_SI_ES_LECTURA_STOCK_O_MOVIMIENTO,178,d302039,1,2025-08-21 12:52:58,Gerardo Mercier,
,CONFIRMAR_SI_ES_LECTURA_STOCK_O_MOVIMIENTO,179,d302041,6,2025-08-21 12:52:58,Gerardo Mercier,
,CONFIRMAR_SI_ES_LECTURA_STOCK_O_MOVIMIENTO,180,d302033,3,2025-08-21 12:52:58,Gerardo Mercier,
,CONFIRMAR_SI_ES_LECTURA_STOCK_O_MOVIMIENTO,181,d302038,5,2025-08-21 12:52:58,Gerardo Mercier,
,CONFIRMAR_SI_ES_LECTURA_STOCK_O_MOVIMIENTO,182,d302040,2,2025-08-21 12:52:58,Gerardo Mercier,
,CONFIRMAR_SI_ES_LECTURA_STOCK_O_MOVIMIENTO,183,d302043,3,2025-08-21 12:52:58,Gerardo Mercier,
,CONFIRMAR_SI_ES_LECTURA_STOCK_O_MOVIMIENTO,184,d302032,1,2025-08-21 12:52:58,Gerardo Mercier,
,CONFIRMAR_SI_ES_LECTURA_STOCK_O_MOVIMIENTO,185,d302034,1,2025-08-21 12:52:58,Gerardo Mercier,
,CONFIRMAR_SI_ES_LECTURA_STOCK_O_MOVIMIENTO,186,d302050,3,2025-08-21 12:52:58,Gerardo Mercier,
,CONFIRMAR_SI_ES_LECTURA_STOCK_O_MOVIMIENTO,187,d302005,5,2025-08-21 12:52:58,Gerardo Mercier,
,CONFIRMAR_SI_ES_LECTURA_STOCK_O_MOVIMIENTO,188,d205006,2,2025-08-21 12:52:58,Gerardo Mercier,
,CONFIRMAR_SI_ES_LECTURA_STOCK_O_MOVIMIENTO,189,d701015,1,2025-08-21 12:52:58,Gerardo Mercier,
,CONFIRMAR_SI_ES_LECTURA_STOCK_O_MOVIMIENTO,190,d302059,1,2025-08-21 12:52:58,Gerardo Mercier,
,CONFIRMAR_SI_ES_LECTURA_STOCK_O_MOVIMIENTO,191,d302012,1,2025-08-21 12:52:58,Gerardo Mercier,
,CONFIRMAR_SI_ES_LECTURA_STOCK_O_MOVIMIENTO,192,D301017,10,2025-08-21 12:52:58,Gerardo Mercier,
,CONFIRMAR_SI_ES_LECTURA_STOCK_O_MOVIMIENTO,193,D301022,1,2025-08-21 12:52:58,Gerardo Mercier,
,CONFIRMAR_SI_ES_LECTURA_STOCK_O_MOVIMIENTO,194,D301019,1,2025-08-21 12:52:58,Gerardo Mercier,
,CONFIRMAR_SI_ES_LECTURA_STOCK_O_MOVIMIENTO,195,D301020,1,2025-08-21 12:52:58,Gerardo Mercier,
,CONFIRMAR_SI_ES_LECTURA_STOCK_O_MOVIMIENTO,196,D301001,2,2025-08-21 12:52:58,Gerardo Mercier,
,CONFIRMAR_SI_ES_LECTURA_STOCK_O_MOVIMIENTO,197,D301018,1,2025-08-21 12:52:58,Gerardo Mercier,
,CONFIRMAR_SI_ES_LECTURA_STOCK_O_MOVIMIENTO,198,D301024,1,2025-08-21 12:52:58,Gerardo Mercier,
,CONFIRMAR_SI_ES_LECTURA_STOCK_O_MOVIMIENTO,199,D301026,1,2025-08-21 12:52:58,Gerardo Mercier,
,CONFIRMAR_SI_ES_LECTURA_STOCK_O_MOVIMIENTO,200,D701028,2,2025-08-21 12:52:58,Gerardo Mercier,
,CONFIRMAR_SI_ES_LECTURA_STOCK_O_MOVIMIENTO,201,d902009,1,2025-08-21 12:52:58,Gerardo Mercier,
,CONFIRMAR_SI_ES_LECTURA_STOCK_O_MOVIMIENTO,202,d705076,2,2025-08-21 12:52:58,Gerardo Mercier,
,CONFIRMAR_SI_ES_LECTURA_STOCK_O_MOVIMIENTO,203,d705077,2,2025-08-21 12:52:58,Gerardo Mercier,
,CONFIRMAR_SI_ES_LECTURA_STOCK_O_MOVIMIENTO,204,d705075,2,2025-08-21 12:52:58,Gerardo Mercier,
,CONFIRMAR_SI_ES_LECTURA_STOCK_O_MOVIMIENTO,205,d705078,1,2025-08-21 12:52:58,Gerardo Mercier,
,CONFIRMAR_SI_ES_LECTURA_STOCK_O_MOVIMIENTO,206,d707021,3,2025-08-21 12:52:58,Gerardo Mercier,
,CONFIRMAR_SI_ES_LECTURA_STOCK_O_MOVIMIENTO,207,d902004,1,2025-08-21 12:52:58,Gerardo Mercier,
,CONFIRMAR_SI_ES_LECTURA_STOCK_O_MOVIMIENTO,208,pt-ev00518,2,2025-08-21 12:52:58,Gerardo Mercier,
,CONFIRMAR_SI_ES_LECTURA_STOCK_O_MOVIMIENTO,209,d901019,2,2025-08-21 12:52:58,Gerardo Mercier,
,CONFIRMAR_SI_ES_LECTURA_STOCK_O_MOVIMIENTO,210,d203005,2,2025-08-21 12:52:58,Gerardo Mercier,
,CONFIRMAR_SI_ES_LECTURA_STOCK_O_MOVIMIENTO,211,558-73,2,2025-08-21 12:52:58,Gerardo Mercier,
,CONFIRMAR_SI_ES_LECTURA_STOCK_O_MOVIMIENTO,212,558-72,4,2025-08-21 12:52:58,Gerardo Mercier,
,CONFIRMAR_SI_ES_LECTURA_STOCK_O_MOVIMIENTO,213,d705085,1,2025-08-21 12:52:58,Gerardo Mercier,
,CONFIRMAR_SI_ES_LECTURA_STOCK_O_MOVIMIENTO,214,d807008,1,2025-08-21 12:52:58,Gerardo Mercier,
,CONFIRMAR_SI_ES_LECTURA_STOCK_O_MOVIMIENTO,215,D705031,7,2025-08-21 12:52:58,Gerardo Mercier,
,CONFIRMAR_SI_ES_LECTURA_STOCK_O_MOVIMIENTO,216,D705038,1,2025-08-21 12:52:58,Gerardo Mercier,
,CONFIRMAR_SI_ES_LECTURA_STOCK_O_MOVIMIENTO,217,JUEGPLO106-D705040,1,2025-08-21 12:52:58,Gerardo Mercier,
,CONFIRMAR_SI_ES_LECTURA_STOCK_O_MOVIMIENTO,218,D705030,5,2025-08-21 12:52:58,Gerardo Mercier,
,CONFIRMAR_SI_ES_LECTURA_STOCK_O_MOVIMIENTO,219,D807019,1,2025-08-21 12:52:58,Gerardo Mercier,
,CONFIRMAR_SI_ES_LECTURA_STOCK_O_MOVIMIENTO,220,D901026,1,2025-08-21 12:52:58,Gerardo Mercier,
,CONFIRMAR_SI_ES_LECTURA_STOCK_O_MOVIMIENTO,221,D901025,2,2025-08-21 12:52:58,Gerardo Mercier,
,CONFIRMAR_SI_ES_LECTURA_STOCK_O_MOVIMIENTO,222,D807067,7,2025-08-21 12:52:58,Gerardo Mercier,
,CONFIRMAR_SI_ES_LECTURA_STOCK_O_MOVIMIENTO,223,PT-EV00284,2,2025-08-21 12:52:58,Gerardo Mercier,
,CONFIRMAR_SI_ES_LECTURA_STOCK_O_MOVIMIENTO,224,D602003,2,2025-08-21 12:52:58,Gerardo Mercier,
,CONFIRMAR_SI_ES_LECTURA_STOCK_O_MOVIMIENTO,225,D602004,2,2025-08-21 12:52:58,Gerardo Mercier,
,CONFIRMAR_SI_ES_LECTURA_STOCK_O_MOVIMIENTO,226,D705010,3,2025-08-21 12:52:58,Gerardo Mercier,
,CONFIRMAR_SI_ES_LECTURA_STOCK_O_MOVIMIENTO,227,C101038,9,2025-08-21 12:52:58,Gerardo Mercier,
,CONFIRMAR_SI_ES_LECTURA_STOCK_O_MOVIMIENTO,228,6902,2,2025-08-21 12:52:58,Gerardo Mercier,
,CONFIRMAR_SI_ES_LECTURA_STOCK_O_MOVIMIENTO,229,NCD06011,4,2025-08-21 12:52:58,Gerardo Mercier,
,CONFIRMAR_SI_ES_LECTURA_STOCK_O_MOVIMIENTO,230,C108014,2,2025-08-21 12:52:58,Gerardo Mercier,
,CONFIRMAR_SI_ES_LECTURA_STOCK_O_MOVIMIENTO,231,C107020,3,2025-08-21 12:52:58,Gerardo Mercier,
,CONFIRMAR_SI_ES_LECTURA_STOCK_O_MOVIMIENTO,232,C204003,1,2025-08-21 12:52:58,Gerardo Mercier,
,CONFIRMAR_SI_ES_LECTURA_STOCK_O_MOVIMIENTO,233,D708007,2,2025-08-21 12:52:58,Gerardo Mercier,
,CONFIRMAR_SI_ES_LECTURA_STOCK_O_MOVIMIENTO,234,D207049,2,2025-08-21 12:52:58,Gerardo Mercier,
,CONFIRMAR_SI_ES_LECTURA_STOCK_O_MOVIMIENTO,235,D207048,2,2025-08-21 12:52:58,Gerardo Mercier,
,CONFIRMAR_SI_ES_LECTURA_STOCK_O_MOVIMIENTO,236,D207050,1,2025-08-21 12:52:58,Gerardo Mercier,
,CONFIRMAR_SI_ES_LECTURA_STOCK_O_MOVIMIENTO,237,D207030,3,2025-08-21 12:52:58,Gerardo Mercier,
,CONFIRMAR_SI_ES_LECTURA_STOCK_O_MOVIMIENTO,238,D701026,3,2025-08-21 12:52:58,Gerardo Mercier,
,CONFIRMAR_SI_ES_LECTURA_STOCK_O_MOVIMIENTO,239,D402002,2,2025-08-21 12:52:58,Gerardo Mercier,
,CONFIRMAR_SI_ES_LECTURA_STOCK_O_MOVIMIENTO,240,D701056,1,2025-08-21 12:52:58,Gerardo Mercier,
,CONFIRMAR_SI_ES_LECTURA_STOCK_O_MOVIMIENTO,241,D701055,2,2025-08-21 12:52:58,Gerardo Mercier,
,CONFIRMAR_SI_ES_LECTURA_STOCK_O_MOVIMIENTO,242,D701054,1,2025-08-21 12:52:58,Gerardo Mercier,
,CONFIRMAR_SI_ES_LECTURA_STOCK_O_MOVIMIENTO,243,D701059,3,2025-08-21 12:52:58,Gerardo Mercier,
,CONFIRMAR_SI_ES_LECTURA_STOCK_O_MOVIMIENTO,244,D701045,2,2025-08-21 12:52:58,Gerardo Mercier,
,CONFIRMAR_SI_ES_LECTURA_STOCK_O_MOVIMIENTO,245,D880005,1,2025-08-21 12:52:58,Gerardo Mercier,
,CONFIRMAR_SI_ES_LECTURA_STOCK_O_MOVIMIENTO,246,D701047,1,2025-08-21 12:52:58,Gerardo Mercier,
,CONFIRMAR_SI_ES_LECTURA_STOCK_O_MOVIMIENTO,247,D703012,4,2025-08-21 12:52:58,Gerardo Mercier,
,CONFIRMAR_SI_ES_LECTURA_STOCK_O_MOVIMIENTO,248,D780003,3,2025-08-21 12:52:58,Gerardo Mercier,
,CONFIRMAR_SI_ES_LECTURA_STOCK_O_MOVIMIENTO,249,D703007,2,2025-08-21 12:52:58,Gerardo Mercier,
,CONFIRMAR_SI_ES_LECTURA_STOCK_O_MOVIMIENTO,250,D209018,1,2025-08-21 12:52:58,Gerardo Mercier,
,CONFIRMAR_SI_ES_LECTURA_STOCK_O_MOVIMIENTO,251,D701035,5,2025-08-21 12:52:58,Gerardo Mercier,
,CONFIRMAR_SI_ES_LECTURA_STOCK_O_MOVIMIENTO,252,D701037,1,2025-08-21 12:52:58,Gerardo Mercier,
,CONFIRMAR_SI_ES_LECTURA_STOCK_O_MOVIMIENTO,253,SG444,1,2025-08-21 12:52:58,Gerardo Mercier,
,CONFIRMAR_SI_ES_LECTURA_STOCK_O_MOVIMIENTO,254,D701033,1,2025-08-21 12:52:58,Gerardo Mercier,
,CONFIRMAR_SI_ES_LECTURA_STOCK_O_MOVIMIENTO,255,D701053,1,2025-08-21 12:52:58,Gerardo Mercier,
,CONFIRMAR_SI_ES_LECTURA_STOCK_O_MOVIMIENTO,256,D230024,4,2025-08-21 12:52:58,Gerardo Mercier,
,CONFIRMAR_SI_ES_LECTURA_STOCK_O_MOVIMIENTO,257,D701036,2,2025-08-21 12:52:58,Gerardo Mercier,
,CONFIRMAR_SI_ES_LECTURA_STOCK_O_MOVIMIENTO,258,D707024,2,2025-08-21 12:52:58,Gerardo Mercier,
,CONFIRMAR_SI_ES_LECTURA_STOCK_O_MOVIMIENTO,259,D705009,2,2025-08-21 12:52:58,Gerardo Mercier,
,CONFIRMAR_SI_ES_LECTURA_STOCK_O_MOVIMIENTO,260,D503004,2,2025-08-21 12:52:58,Gerardo Mercier,
,CONFIRMAR_SI_ES_LECTURA_STOCK_O_MOVIMIENTO,261,D705050,1,2025-08-21 12:52:58,Gerardo Mercier,
,CONFIRMAR_SI_ES_LECTURA_STOCK_O_MOVIMIENTO,262,DASEWINGW001,1,2025-08-21 12:52:58,Gerardo Mercier,
,CONFIRMAR_SI_ES_LECTURA_STOCK_O_MOVIMIENTO,263,D705045,1,2025-08-21 12:52:58,Gerardo Mercier,
,CONFIRMAR_SI_ES_LECTURA_STOCK_O_MOVIMIENTO,264,T201114,1,2025-08-21 12:52:58,Gerardo Mercier,
,CONFIRMAR_SI_ES_LECTURA_STOCK_O_MOVIMIENTO,265,D701021,2,2025-08-21 12:52:58,Gerardo Mercier,
,CONFIRMAR_SI_ES_LECTURA_STOCK_O_MOVIMIENTO,266,D705050,1,2025-08-21 12:52:58,Gerardo Mercier,
,CONFIRMAR_SI_ES_LECTURA_STOCK_O_MOVIMIENTO,267,D209012,1,2025-08-21 12:52:58,Gerardo Mercier,
,CONFIRMAR_SI_ES_LECTURA_STOCK_O_MOVIMIENTO,268,D503012,2,2025-08-21 12:52:58,Gerardo Mercier,
,CONFIRMAR_SI_ES_LECTURA_STOCK_O_MOVIMIENTO,269,D503005,1,2025-08-21 12:52:58,Gerardo Mercier,
,CONFIRMAR_SI_ES_LECTURA_STOCK_O_MOVIMIENTO,270,D501009,2,2025-08-21 12:52:58,Gerardo Mercier,
,CONFIRMAR_SI_ES_LECTURA_STOCK_O_MOVIMIENTO,271,D402004,2,2025-08-21 12:52:58,Gerardo Mercier,
,CONFIRMAR_SI_ES_LECTURA_STOCK_O_MOVIMIENTO,272,9288,2,2025-08-21 12:52:58,Gerardo Mercier,
,CONFIRMAR_SI_ES_LECTURA_STOCK_O_MOVIMIENTO,273,D201054,2,2025-08-21 12:52:58,Gerardo Mercier,
,CONFIRMAR_SI_ES_LECTURA_STOCK_O_MOVIMIENTO,274,T201012,1,2025-08-21 12:52:58,Gerardo Mercier,
,CONFIRMAR_SI_ES_LECTURA_STOCK_O_MOVIMIENTO,275,15041007,3,2025-08-21 12:52:58,Gerardo Mercier,
,CONFIRMAR_SI_ES_LECTURA_STOCK_O_MOVIMIENTO,276,T601006,1,2025-08-21 12:52:58,Gerardo Mercier,
,CONFIRMAR_SI_ES_LECTURA_STOCK_O_MOVIMIENTO,277,23414,2,2025-08-21 12:52:58,Gerardo Mercier,
,CONFIRMAR_SI_ES_LECTURA_STOCK_O_MOVIMIENTO,278,B5517,2,2025-08-21 12:52:58,Gerardo Mercier,
,CONFIRMAR_SI_ES_LECTURA_STOCK_O_MOVIMIENTO,279,r57015,7,2025-08-21 12:52:58,Gerardo Mercier,
,CONFIRMAR_SI_ES_LECTURA_STOCK_O_MOVIMIENTO,280,d230033,1,2025-08-21 12:52:58,Gerardo Mercier,
,CONFIRMAR_SI_ES_LECTURA_STOCK_O_MOVIMIENTO,281,d707012,3,2025-08-21 12:52:58,Gerardo Mercier,
,CONFIRMAR_SI_ES_LECTURA_STOCK_O_MOVIMIENTO,282,d905001,4,2025-08-21 12:52:58,Gerardo Mercier,
,CONFIRMAR_SI_ES_LECTURA_STOCK_O_MOVIMIENTO,283,7550,4,2025-08-21 12:52:58,Gerardo Mercier,
,CONFIRMAR_SI_ES_LECTURA_STOCK_O_MOVIMIENTO,284,d207028,13,2025-08-21 12:52:58,Gerardo Mercier,
,CONFIRMAR_SI_ES_LECTURA_STOCK_O_MOVIMIENTO,285,d207024,3,2025-08-21 12:52:58,Gerardo Mercier,
,CONFIRMAR_SI_ES_LECTURA_STOCK_O_MOVIMIENTO,286,d207020,3,2025-08-21 12:52:58,Gerardo Mercier,
,CONFIRMAR_SI_ES_LECTURA_STOCK_O_MOVIMIENTO,287,d207029,5,2025-08-21 12:52:58,Gerardo Mercier,
,CONFIRMAR_SI_ES_LECTURA_STOCK_O_MOVIMIENTO,288,d207026,1,2025-08-21 12:52:58,Gerardo Mercier,
,CONFIRMAR_SI_ES_LECTURA_STOCK_O_MOVIMIENTO,289,d207027,1,2025-08-21 12:52:58,Gerardo Mercier,
,CONFIRMAR_SI_ES_LECTURA_STOCK_O_MOVIMIENTO,290,d401006,1,2025-08-21 12:52:58,Gerardo Mercier,
,CONFIRMAR_SI_ES_LECTURA_STOCK_O_MOVIMIENTO,291,d207032,3,2025-08-21 12:52:58,Gerardo Mercier,
,CONFIRMAR_SI_ES_LECTURA_STOCK_O_MOVIMIENTO,292,d207087,5,2025-08-21 12:52:58,Gerardo Mercier,
,CONFIRMAR_SI_ES_LECTURA_STOCK_O_MOVIMIENTO,293,d207085,5,2025-08-21 12:52:58,Gerardo Mercier,
,CONFIRMAR_SI_ES_LECTURA_STOCK_O_MOVIMIENTO,294,d207086,3,2025-08-21 12:52:58,Gerardo Mercier,
,CONFIRMAR_SI_ES_LECTURA_STOCK_O_MOVIMIENTO,295,d207081,2,2025-08-21 12:52:58,Gerardo Mercier,
,CONFIRMAR_SI_ES_LECTURA_STOCK_O_MOVIMIENTO,296,d207080,1,2025-08-21 12:52:58,Gerardo Mercier,
,CONFIRMAR_SI_ES_LECTURA_STOCK_O_MOVIMIENTO,297,d207079,1,2025-08-21 12:52:58,Gerardo Mercier,
,CONFIRMAR_SI_ES_LECTURA_STOCK_O_MOVIMIENTO,298,d207084,4,2025-08-21 12:52:58,Gerardo Mercier,
,CONFIRMAR_SI_ES_LECTURA_STOCK_O_MOVIMIENTO,299,d705020,3,2025-08-21 12:52:58,Gerardo Mercier,
,CONFIRMAR_SI_ES_LECTURA_STOCK_O_MOVIMIENTO,300,D101027,2,2025-08-21 12:52:58,Gerardo Mercier,
,CONFIRMAR_SI_ES_LECTURA_STOCK_O_MOVIMIENTO,301,d101034,1,2025-08-21 12:52:58,Gerardo Mercier,
,CONFIRMAR_SI_ES_LECTURA_STOCK_O_MOVIMIENTO,302,d101040,1,2025-08-21 12:52:58,Gerardo Mercier,
,CONFIRMAR_SI_ES_LECTURA_STOCK_O_MOVIMIENTO,303,d101022,1,2025-08-21 12:52:58,Gerardo Mercier,
,CONFIRMAR_SI_ES_LECTURA_STOCK_O_MOVIMIENTO,304,d101005,1,2025-08-21 12:52:58,Gerardo Mercier,
,CONFIRMAR_SI_ES_LECTURA_STOCK_O_MOVIMIENTO,305,d101038,1,2025-08-21 12:52:58,Gerardo Mercier,
,CONFIRMAR_SI_ES_LECTURA_STOCK_O_MOVIMIENTO,306,D101033,3,2025-08-21 12:52:58,Gerardo Mercier,
,CONFIRMAR_SI_ES_LECTURA_STOCK_O_MOVIMIENTO,307,d101020,3,2025-08-21 12:52:58,Gerardo Mercier,
,CONFIRMAR_SI_ES_LECTURA_STOCK_O_MOVIMIENTO,308,D101044,1,2025-08-21 12:52:58,Gerardo Mercier,
,CONFIRMAR_SI_ES_LECTURA_STOCK_O_MOVIMIENTO,309,D101036,1,2025-08-21 12:52:58,Gerardo Mercier,
,CONFIRMAR_SI_ES_LECTURA_STOCK_O_MOVIMIENTO,310,d101004,6,2025-08-21 12:52:58,Gerardo Mercier,
,CONFIRMAR_SI_ES_LECTURA_STOCK_O_MOVIMIENTO,311,d101028,2,2025-08-21 12:52:58,Gerardo Mercier,
,CONFIRMAR_SI_ES_LECTURA_STOCK_O_MOVIMIENTO,312,d101035,2,2025-08-21 12:52:58,Gerardo Mercier,
,CONFIRMAR_SI_ES_LECTURA_STOCK_O_MOVIMIENTO,313,D101045,2,2025-08-21 12:52:58,Gerardo Mercier,
,CONFIRMAR_SI_ES_LECTURA_STOCK_O_MOVIMIENTO,314,d101011,1,2025-08-21 12:52:58,Gerardo Mercier,
,CONFIRMAR_SI_ES_LECTURA_STOCK_O_MOVIMIENTO,315,d101025,9,2025-08-21 12:52:58,Gerardo Mercier,
,CONFIRMAR_SI_ES_LECTURA_STOCK_O_MOVIMIENTO,316,d803006,1,2025-08-21 12:52:58,Gerardo Mercier,
,CONFIRMAR_SI_ES_LECTURA_STOCK_O_MOVIMIENTO,317,d803008,3,2025-08-21 12:52:58,Gerardo Mercier,
,CONFIRMAR_SI_ES_LECTURA_STOCK_O_MOVIMIENTO,318,d803009,1,2025-08-21 12:52:58,Gerardo Mercier,
,CONFIRMAR_SI_ES_LECTURA_STOCK_O_MOVIMIENTO,319,d707022,4,2025-08-21 12:52:58,Gerardo Mercier,
,CONFIRMAR_SI_ES_LECTURA_STOCK_O_MOVIMIENTO,320,d603008,1,2025-08-21 12:52:58,Gerardo Mercier,
,CONFIRMAR_SI_ES_LECTURA_STOCK_O_MOVIMIENTO,321,d807061,4,2025-08-21 12:52:58,Gerardo Mercier,
,CONFIRMAR_SI_ES_LECTURA_STOCK_O_MOVIMIENTO,322,d807062,2,2025-08-21 12:52:58,Gerardo Mercier,
,CONFIRMAR_SI_ES_LECTURA_STOCK_O_MOVIMIENTO,323,d707023,1,2025-08-21 12:52:58,Gerardo Mercier,
,CONFIRMAR_SI_ES_LECTURA_STOCK_O_MOVIMIENTO,324,d807014,2,2025-08-21 12:52:58,Gerardo Mercier,
,CONFIRMAR_SI_ES_LECTURA_STOCK_O_MOVIMIENTO,325,6503,1,2025-08-21 12:52:58,Gerardo Mercier,
,CONFIRMAR_SI_ES_LECTURA_STOCK_O_MOVIMIENTO,326,d805002,1,2025-08-21 12:52:58,Gerardo Mercier,
,CONFIRMAR_SI_ES_LECTURA_STOCK_O_MOVIMIENTO,327,d401004,2,2025-08-21 12:52:58,Gerardo Mercier,
,CONFIRMAR_SI_ES_LECTURA_STOCK_O_MOVIMIENTO,328,d101053,3,2025-08-21 12:52:58,Gerardo Mercier,
,CONFIRMAR_SI_ES_LECTURA_STOCK_O_MOVIMIENTO,329,juegtea051,1,2025-08-21 12:52:58,Gerardo Mercier,
,CONFIRMAR_SI_ES_LECTURA_STOCK_O_MOVIMIENTO,330,d705070,2,2025-08-21 12:52:58,Gerardo Mercier,
,CONFIRMAR_SI_ES_LECTURA_STOCK_O_MOVIMIENTO,331,d101054,1,2025-08-21 12:52:58,Gerardo Mercier,
,CONFIRMAR_SI_ES_LECTURA_STOCK_O_MOVIMIENTO,332,d807057,2,2025-08-21 12:52:58,Gerardo Mercier,
,CONFIRMAR_SI_ES_LECTURA_STOCK_O_MOVIMIENTO,333,6504,9,2025-08-21 12:52:58,Gerardo Mercier,
,CONFIRMAR_SI_ES_LECTURA_STOCK_O_MOVIMIENTO,334,ncd04001,1,2025-08-21 12:52:58,Gerardo Mercier,
,CONFIRMAR_SI_ES_LECTURA_STOCK_O_MOVIMIENTO,335,d705029,1,2025-08-21 12:52:58,Gerardo Mercier,
,CONFIRMAR_SI_ES_LECTURA_STOCK_O_MOVIMIENTO,336,d807020,1,2025-08-21 12:52:58,Gerardo Mercier,
,CONFIRMAR_SI_ES_LECTURA_STOCK_O_MOVIMIENTO,337,d707012,2,2025-08-21 12:52:58,Gerardo Mercier,
,CONFIRMAR_SI_ES_LECTURA_STOCK_O_MOVIMIENTO,338,d707032,1,2025-08-21 12:52:58,Gerardo Mercier,
,CONFIRMAR_SI_ES_LECTURA_STOCK_O_MOVIMIENTO,339,d807065,2,2025-08-21 12:52:58,Gerardo Mercier,
,CONFIRMAR_SI_ES_LECTURA_STOCK_O_MOVIMIENTO,340,d807043,2,2025-08-21 12:52:58,Gerardo Mercier,
,CONFIRMAR_SI_ES_LECTURA_STOCK_O_MOVIMIENTO,341,d705016,2,2025-08-21 12:52:58,Gerardo Mercier,
,CONFIRMAR_SI_ES_LECTURA_STOCK_O_MOVIMIENTO,342,d807054,2,2025-08-21 12:52:58,Gerardo Mercier,
,CONFIRMAR_SI_ES_LECTURA_STOCK_O_MOVIMIENTO,343,d203008,2,2025-08-21 12:52:58,Gerardo Mercier,
,CONFIRMAR_SI_ES_LECTURA_STOCK_O_MOVIMIENTO,344,d909008,1,2025-08-21 12:52:58,Gerardo Mercier,
,CONFIRMAR_SI_ES_LECTURA_STOCK_O_MOVIMIENTO,345,juegdac004,1,2025-08-21 12:52:58,Gerardo Mercier,
,CONFIRMAR_SI_ES_LECTURA_STOCK_O_MOVIMIENTO,346,d901015,1,2025-08-21 12:52:58,Gerardo Mercier,
,CONFIRMAR_SI_ES_LECTURA_STOCK_O_MOVIMIENTO,347,d901041,1,2025-08-21 12:52:59,Gerardo Mercier,
,CONFIRMAR_SI_ES_LECTURA_STOCK_O_MOVIMIENTO,348,d909007,1,2025-08-21 12:52:59,Gerardo Mercier,
,CONFIRMAR_SI_ES_LECTURA_STOCK_O_MOVIMIENTO,349,d901018,2,2025-08-21 12:52:59,Gerardo Mercier,
,CONFIRMAR_SI_ES_LECTURA_STOCK_O_MOVIMIENTO,350,d901011,1,2025-08-21 12:52:59,Gerardo Mercier,
,CONFIRMAR_SI_ES_LECTURA_STOCK_O_MOVIMIENTO,351,d901010,2,2025-08-21 12:52:59,Gerardo Mercier,
,CONFIRMAR_SI_ES_LECTURA_STOCK_O_MOVIMIENTO,352,d901043,1,2025-08-21 12:52:59,Gerardo Mercier,
,CONFIRMAR_SI_ES_LECTURA_STOCK_O_MOVIMIENTO,353,d901035,2,2025-08-21 12:52:59,Gerardo Mercier,
,CONFIRMAR_SI_ES_LECTURA_STOCK_O_MOVIMIENTO,354,d602015,1,2025-08-21 12:52:59,Gerardo Mercier,
,CONFIRMAR_SI_ES_LECTURA_STOCK_O_MOVIMIENTO,355,d901012,84,2025-08-21 12:52:59,Gerardo Mercier,
,CONFIRMAR_SI_ES_LECTURA_STOCK_O_MOVIMIENTO,356,d901027,1,2025-08-21 12:52:59,Gerardo Mercier,
,CONFIRMAR_SI_ES_LECTURA_STOCK_O_MOVIMIENTO,357,D811003,4,2025-08-21 12:52:59,Gerardo Mercier,
,CONFIRMAR_SI_ES_LECTURA_STOCK_O_MOVIMIENTO,358,d811005,2,2025-08-21 12:52:59,Gerardo Mercier,
,CONFIRMAR_SI_ES_LECTURA_STOCK_O_MOVIMIENTO,359,D811004,3,2025-08-21 12:52:59,Gerardo Mercier,
,CONFIRMAR_SI_ES_LECTURA_STOCK_O_MOVIMIENTO,360,d811012,3,2025-08-21 12:52:59,Gerardo Mercier,
,CONFIRMAR_SI_ES_LECTURA_STOCK_O_MOVIMIENTO,361,d811016,3,2025-08-21 12:52:59,Gerardo Mercier,
,CONFIRMAR_SI_ES_LECTURA_STOCK_O_MOVIMIENTO,362,d811010,2,2025-08-21 12:52:59,Gerardo Mercier,
,CONFIRMAR_SI_ES_LECTURA_STOCK_O_MOVIMIENTO,363,d901016,18,2025-08-21 12:52:59,Gerardo Mercier,
,CONFIRMAR_SI_ES_LECTURA_STOCK_O_MOVIMIENTO,364,d901021,2,2025-08-21 12:52:59,Gerardo Mercier,
,CONFIRMAR_SI_ES_LECTURA_STOCK_O_MOVIMIENTO,365,d901025,1,2025-08-21 12:52:59,Gerardo Mercier,
,CONFIRMAR_SI_ES_LECTURA_STOCK_O_MOVIMIENTO,366,d807058,1,2025-08-21 12:52:59,Gerardo Mercier,
,CONFIRMAR_SI_ES_LECTURA_STOCK_O_MOVIMIENTO,367,d705006,2,2025-08-21 12:52:59,Gerardo Mercier,
,CONFIRMAR_SI_ES_LECTURA_STOCK_O_MOVIMIENTO,368,d807032,3,2025-08-21 12:52:59,Gerardo Mercier,
,CONFIRMAR_SI_ES_LECTURA_STOCK_O_MOVIMIENTO,369,d801012,2,2025-08-21 12:52:59,Gerardo Mercier,
,CONFIRMAR_SI_ES_LECTURA_STOCK_O_MOVIMIENTO,370,d807029,1,2025-08-21 12:52:59,Gerardo Mercier,
,CONFIRMAR_SI_ES_LECTURA_STOCK_O_MOVIMIENTO,371,d807031,1,2025-08-21 12:52:59,Gerardo Mercier,
,CONFIRMAR_SI_ES_LECTURA_STOCK_O_MOVIMIENTO,372,d807033,2,2025-08-21 12:52:59,Gerardo Mercier,
,CONFIRMAR_SI_ES_LECTURA_STOCK_O_MOVIMIENTO,373,d801010,2,2025-08-21 12:52:59,Gerardo Mercier,
,CONFIRMAR_SI_ES_LECTURA_STOCK_O_MOVIMIENTO,374,d207047,4,2025-08-21 12:52:59,Gerardo Mercier,
,CONFIRMAR_SI_ES_LECTURA_STOCK_O_MOVIMIENTO,375,D207007,5,2025-08-21 12:52:59,Gerardo Mercier,
,CONFIRMAR_SI_ES_LECTURA_STOCK_O_MOVIMIENTO,376,D207053,7,2025-08-21 12:52:59,Gerardo Mercier,
,CONFIRMAR_SI_ES_LECTURA_STOCK_O_MOVIMIENTO,377,D207017,11,2025-08-21 12:52:59,Gerardo Mercier,
,CONFIRMAR_SI_ES_LECTURA_STOCK_O_MOVIMIENTO,378,D207009,3,2025-08-21 12:52:59,Gerardo Mercier,
,CONFIRMAR_SI_ES_LECTURA_STOCK_O_MOVIMIENTO,379,D207038,14,2025-08-21 12:52:59,Gerardo Mercier,
,CONFIRMAR_SI_ES_LECTURA_STOCK_O_MOVIMIENTO,380,D207059,3,2025-08-21 12:52:59,Gerardo Mercier,
,CONFIRMAR_SI_ES_LECTURA_STOCK_O_MOVIMIENTO,381,D207036,6,2025-08-21 12:52:59,Gerardo Mercier,
,CONFIRMAR_SI_ES_LECTURA_STOCK_O_MOVIMIENTO,382,D207015,4,2025-08-21 12:52:59,Gerardo Mercier,
,CONFIRMAR_SI_ES_LECTURA_STOCK_O_MOVIMIENTO,383,D207034,3,2025-08-21 12:52:59,Gerardo Mercier,
,CONFIRMAR_SI_ES_LECTURA_STOCK_O_MOVIMIENTO,384,D207042,4,2025-08-21 12:52:59,Gerardo Mercier,
,CONFIRMAR_SI_ES_LECTURA_STOCK_O_MOVIMIENTO,385,D207066,4,2025-08-21 12:52:59,Gerardo Mercier,
,CONFIRMAR_SI_ES_LECTURA_STOCK_O_MOVIMIENTO,386,D750011,4,2025-08-21 12:52:59,Gerardo Mercier,
,CONFIRMAR_SI_ES_LECTURA_STOCK_O_MOVIMIENTO,387,D207011,7,2025-08-21 12:52:59,Gerardo Mercier,
,CONFIRMAR_SI_ES_LECTURA_STOCK_O_MOVIMIENTO,388,D207034,2,2025-08-21 12:52:59,Gerardo Mercier,
,CONFIRMAR_SI_ES_LECTURA_STOCK_O_MOVIMIENTO,389,D207014,4,2025-08-21 12:52:59,Gerardo Mercier,
,CONFIRMAR_SI_ES_LECTURA_STOCK_O_MOVIMIENTO,390,D207035,11,2025-08-21 12:52:59,Gerardo Mercier,
,CONFIRMAR_SI_ES_LECTURA_STOCK_O_MOVIMIENTO,391,D207044,2,2025-08-21 12:52:59,Gerardo Mercier,
,CONFIRMAR_SI_ES_LECTURA_STOCK_O_MOVIMIENTO,392,D207013,0,2025-08-21 12:52:59,Gerardo Mercier,
,CONFIRMAR_SI_ES_LECTURA_STOCK_O_MOVIMIENTO,393,D207052,3,2025-08-21 12:52:59,Gerardo Mercier,
,CONFIRMAR_SI_ES_LECTURA_STOCK_O_MOVIMIENTO,394,D880003,3,2025-08-21 12:52:59,Gerardo Mercier,
,CONFIRMAR_SI_ES_LECTURA_STOCK_O_MOVIMIENTO,395,D207016,3,2025-08-21 12:52:59,Gerardo Mercier,
,CONFIRMAR_SI_ES_LECTURA_STOCK_O_MOVIMIENTO,396,D207057,2,2025-08-21 12:52:59,Gerardo Mercier,
,CONFIRMAR_SI_ES_LECTURA_STOCK_O_MOVIMIENTO,397,D207041,2,2025-08-21 12:52:59,Gerardo Mercier,
,CONFIRMAR_SI_ES_LECTURA_STOCK_O_MOVIMIENTO,398,D880002,1,2025-08-21 12:52:59,Gerardo Mercier,
,CONFIRMAR_SI_ES_LECTURA_STOCK_O_MOVIMIENTO,399,D880007,1,2025-08-21 12:52:59,Gerardo Mercier,
,CONFIRMAR_SI_ES_LECTURA_STOCK_O_MOVIMIENTO,400,D207005,3,2025-08-21 12:52:59,Gerardo Mercier,
,CONFIRMAR_SI_ES_LECTURA_STOCK_O_MOVIMIENTO,401,D207090,1,2025-08-21 12:52:59,Gerardo Mercier,
,CONFIRMAR_SI_ES_LECTURA_STOCK_O_MOVIMIENTO,402,D207003,1,2025-08-21 12:52:59,Gerardo Mercier,
,CONFIRMAR_SI_ES_LECTURA_STOCK_O_MOVIMIENTO,403,D207006,1,2025-08-21 12:52:59,Gerardo Mercier,
,CONFIRMAR_SI_ES_LECTURA_STOCK_O_MOVIMIENTO,404,D207058,1,2025-08-21 12:52:59,Gerardo Mercier,
,CONFIRMAR_SI_ES_LECTURA_STOCK_O_MOVIMIENTO,405,D207018,1,2025-08-21 12:52:59,Gerardo Mercier,
,CONFIRMAR_SI_ES_LECTURA_STOCK_O_MOVIMIENTO,406,D207088,2,2025-08-21 12:52:59,Gerardo Mercier,
,CONFIRMAR_SI_ES_LECTURA_STOCK_O_MOVIMIENTO,407,D207067,2,2025-08-21 12:52:59,Gerardo Mercier,
,CONFIRMAR_SI_ES_LECTURA_STOCK_O_MOVIMIENTO,408,D207070,1,2025-08-21 12:52:59,Gerardo Mercier,
,CONFIRMAR_SI_ES_LECTURA_STOCK_O_MOVIMIENTO,409,D905008,1,2025-08-21 12:52:59,Gerardo Mercier,
,CONFIRMAR_SI_ES_LECTURA_STOCK_O_MOVIMIENTO,410,A6984,1,2025-08-21 12:52:59,Gerardo Mercier,
,CONFIRMAR_SI_ES_LECTURA_STOCK_O_MOVIMIENTO,411,MERCMONO,1,2025-08-21 12:52:59,Gerardo Mercier,
,CONFIRMAR_SI_ES_LECTURA_STOCK_O_MOVIMIENTO,412,ANSAL-12235,1,2025-08-21 12:52:59,Gerardo Mercier,
,CONFIRMAR_SI_ES_LECTURA_STOCK_O_MOVIMIENTO,413,D103003,2,2025-08-21 12:52:59,Gerardo Mercier,
,CONFIRMAR_SI_ES_LECTURA_STOCK_O_MOVIMIENTO,414,D304009,1,2025-08-21 12:52:59,Gerardo Mercier,
,CONFIRMAR_SI_ES_LECTURA_STOCK_O_MOVIMIENTO,415,F1260,1,2025-08-21 12:52:59,Gerardo Mercier,
,CONFIRMAR_SI_ES_LECTURA_STOCK_O_MOVIMIENTO,416,monos2,1,2025-08-21 12:52:59,Gerardo Mercier,
,CONFIRMAR_SI_ES_LECTURA_STOCK_O_MOVIMIENTO,417,d230015,1,2025-08-21 12:52:59,Gerardo Mercier,
,CONFIRMAR_SI_ES_LECTURA_STOCK_O_MOVIMIENTO,418,d503023,3,2025-08-21 12:52:59,Gerardo Mercier,
,CONFIRMAR_SI_ES_LECTURA_STOCK_O_MOVIMIENTO,419,f6421,1,2025-08-21 12:52:59,Gerardo Mercier,
,CONFIRMAR_SI_ES_LECTURA_STOCK_O_MOVIMIENTO,420,d503006,2,2025-08-21 12:52:59,Gerardo Mercier,
,CONFIRMAR_SI_ES_LECTURA_STOCK_O_MOVIMIENTO,421,707-55,1,2025-08-21 12:52:59,Gerardo Mercier,
,CONFIRMAR_SI_ES_LECTURA_STOCK_O_MOVIMIENTO,422,mpm00019331428,1,2025-08-21 12:52:59,Gerardo Mercier,
,CONFIRMAR_SI_ES_LECTURA_STOCK_O_MOVIMIENTO,423,e5044,1,2025-08-21 12:52:59,Gerardo Mercier,
,CONFIRMAR_SI_ES_LECTURA_STOCK_O_MOVIMIENTO,424,d207071,3,2025-08-21 12:52:59,Gerardo Mercier,
,CONFIRMAR_SI_ES_LECTURA_STOCK_O_MOVIMIENTO,425,pt-ev00825,2,2025-08-21 12:52:59,Gerardo Mercier,
,CONFIRMAR_SI_ES_LECTURA_STOCK_O_MOVIMIENTO,426,twister,2,2025-08-21 12:52:59,Gerardo Mercier,
,CONFIRMAR_SI_ES_LECTURA_STOCK_O_MOVIMIENTO,427,c2124,1,2025-08-21 12:52:59,Gerardo Mercier,
,CONFIRMAR_SI_ES_LECTURA_STOCK_O_MOVIMIENTO,428,d705061,2,2025-08-21 12:52:59,Gerardo Mercier,
,CONFIRMAR_SI_ES_LECTURA_STOCK_O_MOVIMIENTO,429,540,1,2025-08-21 12:52:59,Gerardo Mercier,
,CONFIRMAR_SI_ES_LECTURA_STOCK_O_MOVIMIENTO,430,pt-ev01154,2,2025-08-21 12:52:59,Gerardo Mercier,
,CONFIRMAR_SI_ES_LECTURA_STOCK_O_MOVIMIENTO,431,PT-EV00636,6,2025-08-21 12:52:59,Gerardo Mercier,
,CONFIRMAR_SI_ES_LECTURA_STOCK_O_MOVIMIENTO,432,pt-ev00822,1,2025-08-21 12:52:59,Gerardo Mercier,
,CONFIRMAR_SI_ES_LECTURA_STOCK_O_MOVIMIENTO,433,d102007,2,2025-08-21 12:52:59,Gerardo Mercier,
,CONFIRMAR_SI_ES_LECTURA_STOCK_O_MOVIMIENTO,434,pt-ev00601,4,2025-08-21 12:52:59,Gerardo Mercier,
,CONFIRMAR_SI_ES_LECTURA_STOCK_O_MOVIMIENTO,435,pt-ev00522,6,2025-08-21 12:52:59,Gerardo Mercier,
,CONFIRMAR_SI_ES_LECTURA_STOCK_O_MOVIMIENTO,436,d208001,3,2025-08-21 12:52:59,Gerardo Mercier,
,CONFIRMAR_SI_ES_LECTURA_STOCK_O_MOVIMIENTO,437,c110003,10,2025-08-21 12:52:59,Gerardo Mercier,
,CONFIRMAR_SI_ES_LECTURA_STOCK_O_MOVIMIENTO,438,C111002-1,1,2025-08-21 12:52:59,Gerardo Mercier,
,CONFIRMAR_SI_ES_LECTURA_STOCK_O_MOVIMIENTO,439,c107018,1,2025-08-21 12:52:59,Gerardo Mercier,
,CONFIRMAR_SI_ES_LECTURA_STOCK_O_MOVIMIENTO,440,pt-ev01153,4,2025-08-21 12:52:59,Gerardo Mercier,
,CONFIRMAR_SI_ES_LECTURA_STOCK_O_MOVIMIENTO,441,pt-ev00541,2,2025-08-21 12:52:59,Gerardo Mercier,
,CONFIRMAR_SI_ES_LECTURA_STOCK_O_MOVIMIENTO,442,d303018,7,2025-08-21 12:52:59,Gerardo Mercier,
,CONFIRMAR_SI_ES_LECTURA_STOCK_O_MOVIMIENTO,443,pt-ev00294,3,2025-08-21 12:52:59,Gerardo Mercier,
,CONFIRMAR_SI_ES_LECTURA_STOCK_O_MOVIMIENTO,444,d450025,2,2025-08-21 12:52:59,Gerardo Mercier,
,CONFIRMAR_SI_ES_LECTURA_STOCK_O_MOVIMIENTO,445,F1079,2,2025-08-21 12:52:59,Gerardo Mercier,
,CONFIRMAR_SI_ES_LECTURA_STOCK_O_MOVIMIENTO,446,MUNDT009,0,2025-08-21 12:57:49,Gerardo Mercier,
,CONFIRMAR_SI_ES_LECTURA_STOCK_O_MOVIMIENTO,447,MUNDT020,0,2025-08-21 12:57:49,Gerardo Mercier,
,CONFIRMAR_SI_ES_LECTURA_STOCK_O_MOVIMIENTO,448,MUNDT040,0,2025-08-21 12:57:49,Gerardo Mercier,
,CONFIRMAR_SI_ES_LECTURA_STOCK_O_MOVIMIENTO,449,aprendo,0,2025-08-21 12:57:49,Gerardo Mercier,
,CONFIRMAR_SI_ES_LECTURA_STOCK_O_MOVIMIENTO,450,MUNDT018,0,2025-08-21 12:57:49,Gerardo Mercier,
,CONFIRMAR_SI_ES_LECTURA_STOCK_O_MOVIMIENTO,451,aprendoacuidarme,0,2025-08-21 12:57:49,Gerardo Mercier,
,CONFIRMAR_SI_ES_LECTURA_STOCK_O_MOVIMIENTO,452,MUNDT011,0,2025-08-21 12:57:49,Gerardo Mercier,
,CONFIRMAR_SI_ES_LECTURA_STOCK_O_MOVIMIENTO,453,MUNDT024,0,2025-08-21 12:57:49,Gerardo Mercier,
,CONFIRMAR_SI_ES_LECTURA_STOCK_O_MOVIMIENTO,454,MUNDT023,0,2025-08-21 12:57:49,Gerardo Mercier,
,CONFIRMAR_SI_ES_LECTURA_STOCK_O_MOVIMIENTO,455,MUNDT051,0,2025-08-21 12:57:49,Gerardo Mercier,
,CONFIRMAR_SI_ES_LECTURA_STOCK_O_MOVIMIENTO,456,MUNDT008,0,2025-08-21 12:57:49,Gerardo Mercier,
,CONFIRMAR_SI_ES_LECTURA_STOCK_O_MOVIMIENTO,457,MUNDT031,0,2025-08-21 12:57:49,Gerardo Mercier,
,CONFIRMAR_SI_ES_LECTURA_STOCK_O_MOVIMIENTO,458,MUNDT026,0,2025-08-21 12:57:49,Gerardo Mercier,
,CONFIRMAR_SI_ES_LECTURA_STOCK_O_MOVIMIENTO,459,bullyingsos,0,2025-08-21 12:57:49,Gerardo Mercier,
,CONFIRMAR_SI_ES_LECTURA_STOCK_O_MOVIMIENTO,460,bulying,0,2025-08-21 12:57:49,Gerardo Mercier,
,CONFIRMAR_SI_ES_LECTURA_STOCK_O_MOVIMIENTO,461,MUNDT011B,0,2025-08-21 12:57:49,Gerardo Mercier,
,CONFIRMAR_SI_ES_LECTURA_STOCK_O_MOVIMIENTO,462,MUNDT037,0,2025-08-21 12:57:49,Gerardo Mercier,
,CONFIRMAR_SI_ES_LECTURA_STOCK_O_MOVIMIENTO,463,MUNDT034,0,2025-08-21 12:57:49,Gerardo Mercier,
,CONFIRMAR_SI_ES_LECTURA_STOCK_O_MOVIMIENTO,464,MUNDT045,0,2025-08-21 12:57:49,Gerardo Mercier,
,CONFIRMAR_SI_ES_LECTURA_STOCK_O_MOVIMIENTO,465,MUNDT120,0,2025-08-21 12:57:49,Gerardo Mercier,
,CONFIRMAR_SI_ES_LECTURA_STOCK_O_MOVIMIENTO,466,MUNDT047,0,2025-08-21 12:57:49,Gerardo Mercier,
,CONFIRMAR_SI_ES_LECTURA_STOCK_O_MOVIMIENTO,467,conectores,0,2025-08-21 12:57:49,Gerardo Mercier,
,CONFIRMAR_SI_ES_LECTURA_STOCK_O_MOVIMIENTO,468,MUNDT007,0,2025-08-21 12:57:49,Gerardo Mercier,
,CONFIRMAR_SI_ES_LECTURA_STOCK_O_MOVIMIENTO,469,MUNDT38,0,2025-08-21 12:57:49,Gerardo Mercier,
,CONFIRMAR_SI_ES_LECTURA_STOCK_O_MOVIMIENTO,470,MUNDT012,0,2025-08-21 12:57:49,Gerardo Mercier,
,CONFIRMAR_SI_ES_LECTURA_STOCK_O_MOVIMIENTO,471,cuerpoallimite,0,2025-08-21 12:57:49,Gerardo Mercier,
,CONFIRMAR_SI_ES_LECTURA_STOCK_O_MOVIMIENTO,472,MUNDT033,0,2025-08-21 12:57:49,Gerardo Mercier,
,CONFIRMAR_SI_ES_LECTURA_STOCK_O_MOVIMIENTO,473,MUNDT050,0,2025-08-21 12:57:49,Gerardo Mercier,
,CONFIRMAR_SI_ES_LECTURA_STOCK_O_MOVIMIENTO,474,MUNDT016,0,2025-08-21 12:57:49,Gerardo Mercier,
,CONFIRMAR_SI_ES_LECTURA_STOCK_O_MOVIMIENTO,475,MUNDT015,0,2025-08-21 12:57:49,Gerardo Mercier,
,CONFIRMAR_SI_ES_LECTURA_STOCK_O_MOVIMIENTO,476,MUNDT017,0,2025-08-21 12:57:49,Gerardo Mercier,
,CONFIRMAR_SI_ES_LECTURA_STOCK_O_MOVIMIENTO,477,MUNDT014,0,2025-08-21 12:57:49,Gerardo Mercier,
,CONFIRMAR_SI_ES_LECTURA_STOCK_O_MOVIMIENTO,478,MUNDT013,0,2025-08-21 12:57:49,Gerardo Mercier,
,CONFIRMAR_SI_ES_LECTURA_STOCK_O_MOVIMIENTO,479,MUNDT049,0,2025-08-21 12:57:49,Gerardo Mercier,
,CONFIRMAR_SI_ES_LECTURA_STOCK_O_MOVIMIENTO,480,MUNDT055,0,2025-08-21 12:57:49,Gerardo Mercier,
,CONFIRMAR_SI_ES_LECTURA_STOCK_O_MOVIMIENTO,481,MUNDT112,0,2025-08-21 12:57:49,Gerardo Mercier,
,CONFIRMAR_SI_ES_LECTURA_STOCK_O_MOVIMIENTO,482,MUNDT036,0,2025-08-21 12:57:49,Gerardo Mercier,
,CONFIRMAR_SI_ES_LECTURA_STOCK_O_MOVIMIENTO,483,MUNDT021,0,2025-08-21 12:57:49,Gerardo Mercier,
,CONFIRMAR_SI_ES_LECTURA_STOCK_O_MOVIMIENTO,484,MUNDT022,0,2025-08-21 12:57:49,Gerardo Mercier,
,CONFIRMAR_SI_ES_LECTURA_STOCK_O_MOVIMIENTO,485,MUNDTSCAPAZ,0,2025-08-21 12:57:49,Gerardo Mercier,
,CONFIRMAR_SI_ES_LECTURA_STOCK_O_MOVIMIENTO,486,MUNDT053,0,2025-08-21 12:57:49,Gerardo Mercier,
,CONFIRMAR_SI_ES_LECTURA_STOCK_O_MOVIMIENTO,487,MUNDT035,0,2025-08-21 12:57:49,Gerardo Mercier,
,CONFIRMAR_SI_ES_LECTURA_STOCK_O_MOVIMIENTO,488,MUNDT044,0,2025-08-21 12:57:49,Gerardo Mercier,
,CONFIRMAR_SI_ES_LECTURA_STOCK_O_MOVIMIENTO,489,MUNDT019,0,2025-08-21 12:57:49,Gerardo Mercier,
,CONFIRMAR_SI_ES_LECTURA_STOCK_O_MOVIMIENTO,490,mifamilia,0,2025-08-21 12:57:49,Gerardo Mercier,
,CONFIRMAR_SI_ES_LECTURA_STOCK_O_MOVIMIENTO,491,MUNDT029,0,2025-08-21 12:57:49,Gerardo Mercier,
,CONFIRMAR_SI_ES_LECTURA_STOCK_O_MOVIMIENTO,492,MUNDT046,0,2025-08-21 12:57:49,Gerardo Mercier,
,CONFIRMAR_SI_ES_LECTURA_STOCK_O_MOVIMIENTO,493,MUNDT027,0,2025-08-21 12:57:49,Gerardo Mercier,
,CONFIRMAR_SI_ES_LECTURA_STOCK_O_MOVIMIENTO,494,MUNDT039,0,2025-08-21 12:57:49,Gerardo Mercier,
,CONFIRMAR_SI_ES_LECTURA_STOCK_O_MOVIMIENTO,495,MUNDT042,0,2025-08-21 12:57:49,Gerardo Mercier,
,CONFIRMAR_SI_ES_LECTURA_STOCK_O_MOVIMIENTO,496,MUME001,0,2025-08-21 12:57:49,Gerardo Mercier,
,CONFIRMAR_SI_ES_LECTURA_STOCK_O_MOVIMIENTO,497,MUNDT40,0,2025-08-21 12:57:49,Gerardo Mercier,
,CONFIRMAR_SI_ES_LECTURA_STOCK_O_MOVIMIENTO,498,MUNDT09,0,2025-08-21 12:57:49,Gerardo Mercier,
,CONFIRMAR_SI_ES_LECTURA_STOCK_O_MOVIMIENTO,499,parejassexuales,0,2025-08-21 12:57:49,Gerardo Mercier,
,CONFIRMAR_SI_ES_LECTURA_STOCK_O_MOVIMIENTO,500,PERSONA,0,2025-08-21 12:57:49,Gerardo Mercier,
